-- Generated by Craft v2.6.2988 on 5.8.2017 8.49.26.

--
-- Disable foreign key checks and autocommit.
--

SET FOREIGN_KEY_CHECKS = 0;
SET SQL_MODE = "NO_AUTO_VALUE_ON_ZERO";
SET AUTOCOMMIT = 0;
SET NAMES utf8;


DROP TABLE IF EXISTS `craft_assetfiles`;


--
-- Schema for table `craft_assetfiles`
--
CREATE TABLE `craft_assetfiles` (
  `id` int(11) NOT NULL,
  `sourceId` int(11) DEFAULT NULL,
  `folderId` int(11) NOT NULL,
  `filename` varchar(255) COLLATE utf8_unicode_ci NOT NULL,
  `kind` varchar(50) COLLATE utf8_unicode_ci NOT NULL DEFAULT 'unknown',
  `width` int(11) unsigned DEFAULT NULL,
  `height` int(11) unsigned DEFAULT NULL,
  `size` bigint(20) unsigned DEFAULT NULL,
  `dateModified` datetime DEFAULT NULL,
  `dateCreated` datetime NOT NULL,
  `dateUpdated` datetime NOT NULL,
  `uid` char(36) COLLATE utf8_unicode_ci NOT NULL DEFAULT '0',
  PRIMARY KEY (`id`),
  UNIQUE KEY `craft_assetfiles_filename_folderId_unq_idx` (`filename`,`folderId`),
  KEY `craft_assetfiles_sourceId_fk` (`sourceId`),
  KEY `craft_assetfiles_folderId_fk` (`folderId`)
) ENGINE=InnoDB DEFAULT CHARSET=utf8 COLLATE=utf8_unicode_ci;

--
-- Data for table `craft_assetfiles`
--

INSERT INTO `craft_assetfiles` (`id`, `sourceId`, `folderId`, `filename`, `kind`, `width`, `height`, `size`, `dateModified`, `dateCreated`, `dateUpdated`, `uid`) VALUES
 ('16', '1', '1', 'Beer_House_brewery_sm.jpg', 'image', '3106', '1090', '1983182', '2017-07-18 08:30:05', '2017-07-18 08:30:05', '2017-07-18 08:30:05', '122281bd-10d2-4142-9101-0aa5614920d1'),
 ('17', '1', '1', 'Beer_House_brewery_3.jpg', 'image', '3106', '1090', '1689087', '2017-07-18 09:38:45', '2017-07-18 09:38:45', '2017-07-18 09:38:45', '078bf857-0ca1-467c-b45a-774249c30431'),
 ('18', '1', '1', 'Beer_House_brewery_new.png', 'image', '3106', '1090', '1582366', '2017-07-25 08:31:59', '2017-07-25 08:32:00', '2017-07-25 08:32:00', '613e30bd-b670-451f-a426-07e21cf69a0a'),
 ('19', '1', '1', 'brooklyn.png', 'image', '488', '800', '189497', '2017-07-25 08:36:28', '2017-07-25 08:36:28', '2017-07-25 08:36:28', 'faaaf3aa-c414-4865-9caf-eb3c06899a99'),
 ('20', '1', '1', 'proud.jpg', 'image', '852', '854', '45129', '2017-07-25 08:36:28', '2017-07-25 08:36:28', '2017-07-25 08:36:28', '95600c89-6921-4782-840f-3fd194a03f0a'),
 ('21', '1', '1', 'sorachi.png', 'image', '488', '800', '155169', '2017-07-25 08:36:29', '2017-07-25 08:36:29', '2017-07-25 08:36:29', '9e09bd29-ca7e-4b47-bf2a-e913c5c68e6f'),
 ('31', '1', '1', 'Beer_House_brewery_green.png', 'image', '3106', '1090', '1833996', '2017-07-28 13:28:02', '2017-07-28 13:28:08', '2017-07-28 13:28:08', '88954531-c4b4-496d-b24f-2f3b5f7902ea');



DROP TABLE IF EXISTS `craft_assetfolders`;


--
-- Schema for table `craft_assetfolders`
--
CREATE TABLE `craft_assetfolders` (
  `id` int(11) NOT NULL AUTO_INCREMENT,
  `parentId` int(11) DEFAULT NULL,
  `sourceId` int(11) DEFAULT NULL,
  `name` varchar(255) COLLATE utf8_unicode_ci NOT NULL,
  `path` varchar(255) COLLATE utf8_unicode_ci DEFAULT NULL,
  `dateCreated` datetime NOT NULL,
  `dateUpdated` datetime NOT NULL,
  `uid` char(36) COLLATE utf8_unicode_ci NOT NULL DEFAULT '0',
  PRIMARY KEY (`id`),
  UNIQUE KEY `craft_assetfolders_name_parentId_sourceId_unq_idx` (`name`,`parentId`,`sourceId`),
  KEY `craft_assetfolders_parentId_fk` (`parentId`),
  KEY `craft_assetfolders_sourceId_fk` (`sourceId`)
) ENGINE=InnoDB AUTO_INCREMENT=2 DEFAULT CHARSET=utf8 COLLATE=utf8_unicode_ci;

--
-- Data for table `craft_assetfolders`
--

INSERT INTO `craft_assetfolders` (`id`, `parentId`, `sourceId`, `name`, `path`, `dateCreated`, `dateUpdated`, `uid`) VALUES
 ('1', NULL, '1', 'Uploads', '', '2017-07-14 13:31:20', '2017-07-14 13:31:20', 'cb441131-7081-48c0-b6a2-2372b36621b6');



DROP TABLE IF EXISTS `craft_assetindexdata`;


--
-- Schema for table `craft_assetindexdata`
--
CREATE TABLE `craft_assetindexdata` (
  `id` int(11) NOT NULL AUTO_INCREMENT,
  `sessionId` varchar(36) COLLATE utf8_unicode_ci NOT NULL DEFAULT '',
  `sourceId` int(11) NOT NULL,
  `offset` int(11) NOT NULL,
  `uri` varchar(255) COLLATE utf8_unicode_ci DEFAULT NULL,
  `size` varchar(255) COLLATE utf8_unicode_ci DEFAULT NULL,
  `recordId` int(11) DEFAULT NULL,
  `dateCreated` datetime NOT NULL,
  `dateUpdated` datetime NOT NULL,
  `uid` char(36) COLLATE utf8_unicode_ci NOT NULL DEFAULT '0',
  PRIMARY KEY (`id`),
  UNIQUE KEY `craft_assetindexdata_sessionId_sourceId_offset_unq_idx` (`sessionId`,`sourceId`,`offset`),
  KEY `craft_assetindexdata_sourceId_fk` (`sourceId`)
) ENGINE=InnoDB DEFAULT CHARSET=utf8 COLLATE=utf8_unicode_ci;

DROP TABLE IF EXISTS `craft_assetsources`;


--
-- Schema for table `craft_assetsources`
--
CREATE TABLE `craft_assetsources` (
  `id` int(11) NOT NULL AUTO_INCREMENT,
  `name` varchar(255) COLLATE utf8_unicode_ci NOT NULL,
  `handle` varchar(255) COLLATE utf8_unicode_ci NOT NULL,
  `type` varchar(150) COLLATE utf8_unicode_ci NOT NULL,
  `settings` text COLLATE utf8_unicode_ci,
  `sortOrder` smallint(6) unsigned DEFAULT NULL,
  `fieldLayoutId` int(11) DEFAULT NULL,
  `dateCreated` datetime NOT NULL,
  `dateUpdated` datetime NOT NULL,
  `uid` char(36) COLLATE utf8_unicode_ci NOT NULL DEFAULT '0',
  PRIMARY KEY (`id`),
  UNIQUE KEY `craft_assetsources_name_unq_idx` (`name`),
  UNIQUE KEY `craft_assetsources_handle_unq_idx` (`handle`),
  KEY `craft_assetsources_fieldLayoutId_fk` (`fieldLayoutId`)
) ENGINE=InnoDB AUTO_INCREMENT=2 DEFAULT CHARSET=utf8 COLLATE=utf8_unicode_ci;

--
-- Data for table `craft_assetsources`
--

INSERT INTO `craft_assetsources` (`id`, `name`, `handle`, `type`, `settings`, `sortOrder`, `fieldLayoutId`, `dateCreated`, `dateUpdated`, `uid`) VALUES
 ('1', 'Uploads', 'uploads', 'Local', '{\"path\":\"assets\\/uploads\\/\",\"publicURLs\":\"1\",\"url\":\"\\/assets\\/uploads\\/\"}', '1', '9', '2017-07-14 13:31:20', '2017-07-15 09:09:59', '91832a6e-e7c9-4b2d-a0d1-e5e36f310d39');



DROP TABLE IF EXISTS `craft_assettransformindex`;


--
-- Schema for table `craft_assettransformindex`
--
CREATE TABLE `craft_assettransformindex` (
  `id` int(11) NOT NULL AUTO_INCREMENT,
  `fileId` int(11) NOT NULL,
  `filename` varchar(255) COLLATE utf8_unicode_ci DEFAULT NULL,
  `format` varchar(255) COLLATE utf8_unicode_ci DEFAULT NULL,
  `location` varchar(255) COLLATE utf8_unicode_ci NOT NULL,
  `sourceId` int(11) DEFAULT NULL,
  `fileExists` tinyint(1) DEFAULT NULL,
  `inProgress` tinyint(1) DEFAULT NULL,
  `dateIndexed` datetime DEFAULT NULL,
  `dateCreated` datetime NOT NULL,
  `dateUpdated` datetime NOT NULL,
  `uid` char(36) COLLATE utf8_unicode_ci NOT NULL DEFAULT '0',
  PRIMARY KEY (`id`),
  KEY `craft_assettransformindex_sourceId_fileId_location_idx` (`sourceId`,`fileId`,`location`)
) ENGINE=InnoDB AUTO_INCREMENT=12 DEFAULT CHARSET=utf8 COLLATE=utf8_unicode_ci;

DROP TABLE IF EXISTS `craft_assettransforms`;


--
-- Schema for table `craft_assettransforms`
--
CREATE TABLE `craft_assettransforms` (
  `id` int(11) NOT NULL AUTO_INCREMENT,
  `name` varchar(255) COLLATE utf8_unicode_ci NOT NULL,
  `handle` varchar(255) COLLATE utf8_unicode_ci NOT NULL,
  `mode` enum('stretch','fit','crop') COLLATE utf8_unicode_ci NOT NULL DEFAULT 'crop',
  `position` enum('top-left','top-center','top-right','center-left','center-center','center-right','bottom-left','bottom-center','bottom-right') COLLATE utf8_unicode_ci NOT NULL DEFAULT 'center-center',
  `height` int(11) DEFAULT NULL,
  `width` int(11) DEFAULT NULL,
  `format` varchar(255) COLLATE utf8_unicode_ci DEFAULT NULL,
  `quality` int(11) DEFAULT NULL,
  `dimensionChangeTime` datetime DEFAULT NULL,
  `dateCreated` datetime NOT NULL,
  `dateUpdated` datetime NOT NULL,
  `uid` char(36) COLLATE utf8_unicode_ci NOT NULL DEFAULT '0',
  PRIMARY KEY (`id`),
  UNIQUE KEY `craft_assettransforms_name_unq_idx` (`name`),
  UNIQUE KEY `craft_assettransforms_handle_unq_idx` (`handle`)
) ENGINE=InnoDB AUTO_INCREMENT=4 DEFAULT CHARSET=utf8 COLLATE=utf8_unicode_ci;

--
-- Data for table `craft_assettransforms`
--

INSERT INTO `craft_assettransforms` (`id`, `name`, `handle`, `mode`, `position`, `height`, `width`, `format`, `quality`, `dimensionChangeTime`, `dateCreated`, `dateUpdated`, `uid`) VALUES
 ('1', 'News list', 'newsList', 'crop', 'center-center', '200', '250', NULL, '82', '2017-07-18 11:42:09', '2017-07-17 13:40:20', '2017-07-18 11:42:09', '8ed2c455-9487-4e16-a541-b8d257a2cc0d'),
 ('2', 'News page', 'newsPage', 'fit', 'center-center', '400', '450', NULL, '82', '2017-07-25 14:01:45', '2017-07-19 09:40:27', '2017-07-25 14:01:45', '8c2e8777-a851-4b24-a0fd-6afde46665e7'),
 ('3', 'Beer info', 'beerInfo', 'crop', 'center-center', '600', '366', NULL, '82', '2017-08-04 09:38:05', '2017-08-04 09:32:31', '2017-08-04 09:38:05', 'c018c51c-a3b0-47fc-a1d7-ab7b0336d308');



DROP TABLE IF EXISTS `craft_categories`;


--
-- Schema for table `craft_categories`
--
CREATE TABLE `craft_categories` (
  `id` int(11) NOT NULL,
  `groupId` int(11) NOT NULL,
  `dateCreated` datetime NOT NULL,
  `dateUpdated` datetime NOT NULL,
  `uid` char(36) COLLATE utf8_unicode_ci NOT NULL DEFAULT '0',
  PRIMARY KEY (`id`),
  KEY `craft_categories_groupId_fk` (`groupId`)
) ENGINE=InnoDB DEFAULT CHARSET=utf8 COLLATE=utf8_unicode_ci;

DROP TABLE IF EXISTS `craft_categorygroups`;


--
-- Schema for table `craft_categorygroups`
--
CREATE TABLE `craft_categorygroups` (
  `id` int(11) NOT NULL AUTO_INCREMENT,
  `structureId` int(11) NOT NULL,
  `fieldLayoutId` int(11) DEFAULT NULL,
  `name` varchar(255) COLLATE utf8_unicode_ci NOT NULL,
  `handle` varchar(255) COLLATE utf8_unicode_ci NOT NULL,
  `hasUrls` tinyint(1) unsigned NOT NULL DEFAULT '1',
  `template` varchar(500) COLLATE utf8_unicode_ci DEFAULT NULL,
  `dateCreated` datetime NOT NULL,
  `dateUpdated` datetime NOT NULL,
  `uid` char(36) COLLATE utf8_unicode_ci NOT NULL DEFAULT '0',
  PRIMARY KEY (`id`),
  UNIQUE KEY `craft_categorygroups_name_unq_idx` (`name`),
  UNIQUE KEY `craft_categorygroups_handle_unq_idx` (`handle`),
  KEY `craft_categorygroups_structureId_fk` (`structureId`),
  KEY `craft_categorygroups_fieldLayoutId_fk` (`fieldLayoutId`)
) ENGINE=InnoDB DEFAULT CHARSET=utf8 COLLATE=utf8_unicode_ci;

DROP TABLE IF EXISTS `craft_categorygroups_i18n`;


--
-- Schema for table `craft_categorygroups_i18n`
--
CREATE TABLE `craft_categorygroups_i18n` (
  `id` int(11) NOT NULL AUTO_INCREMENT,
  `groupId` int(11) NOT NULL,
  `locale` char(12) COLLATE utf8_unicode_ci NOT NULL,
  `urlFormat` text COLLATE utf8_unicode_ci,
  `nestedUrlFormat` text COLLATE utf8_unicode_ci,
  `dateCreated` datetime NOT NULL,
  `dateUpdated` datetime NOT NULL,
  `uid` char(36) COLLATE utf8_unicode_ci NOT NULL DEFAULT '0',
  PRIMARY KEY (`id`),
  UNIQUE KEY `craft_categorygroups_i18n_groupId_locale_unq_idx` (`groupId`,`locale`),
  KEY `craft_categorygroups_i18n_locale_fk` (`locale`)
) ENGINE=InnoDB DEFAULT CHARSET=utf8 COLLATE=utf8_unicode_ci;

DROP TABLE IF EXISTS `craft_content`;


--
-- Schema for table `craft_content`
--
CREATE TABLE `craft_content` (
  `id` int(11) NOT NULL AUTO_INCREMENT,
  `elementId` int(11) NOT NULL,
  `locale` char(12) COLLATE utf8_unicode_ci NOT NULL,
  `title` varchar(255) COLLATE utf8_unicode_ci DEFAULT NULL,
  `field_body` text COLLATE utf8_unicode_ci,
  `dateCreated` datetime NOT NULL,
  `dateUpdated` datetime NOT NULL,
  `uid` char(36) COLLATE utf8_unicode_ci NOT NULL DEFAULT '0',
  PRIMARY KEY (`id`),
  UNIQUE KEY `craft_content_elementId_locale_unq_idx` (`elementId`,`locale`),
  KEY `craft_content_title_idx` (`title`),
  KEY `craft_content_locale_fk` (`locale`)
) ENGINE=InnoDB AUTO_INCREMENT=28 DEFAULT CHARSET=utf8 COLLATE=utf8_unicode_ci;

--
-- Data for table `craft_content`
--

INSERT INTO `craft_content` (`id`, `elementId`, `locale`, `title`, `field_body`, `dateCreated`, `dateUpdated`, `uid`) VALUES
 ('1', '1', 'fi_fi', NULL, NULL, '2017-07-14 08:34:35', '2017-07-14 08:34:35', 'f66cbc47-32c0-4fb4-aff2-b2902a9ed30f'),
 ('2', '2', 'fi_fi', 'Welcome to Localhost!', '<p>It’s true, this site doesn’t have a whole lot of content yet, but don’t worry. Our web developers have just installed the CMS, and they’re setting things up for the content editors this very moment. Soon Localhost will be an oasis of fresh perspectives, sharp analyses, and astute opinions that will keep you coming back again and again.</p>', '2017-07-14 08:34:36', '2017-07-14 08:34:37', 'd47007d0-cb4e-486f-8d1c-0acf6bb731ba'),
 ('3', '3', 'fi_fi', 'Hello Finland!', '<p>Lorem ipsum dolor sit amet, consectetur adipiscing elit. Maecenas rutrum lorem eget congue semper. Praesent efficitur facilisis viverra. Aliquam et aliquet diam. Sed a fringilla orci. Sed eget dui libero. Suspendisse porttitor euismod dolor. Aliquam fringilla dolor turpis. Suspendisse potenti. Nulla a hendrerit sem. Vivamus non blandit dui. Nulla tincidunt rutrum sodales. Vestibulum feugiat vel neque sit amet feugiat.</p>', '2017-07-14 08:34:37', '2017-07-25 08:37:04', 'c8037668-5648-4c3d-965f-d5fb242cc108'),
 ('4', '4', 'fi_fi', 'Now testing', '<p>This is just a test</p>', '2017-07-14 13:13:37', '2017-07-25 08:36:55', '39b33858-3faf-4688-94be-e86b800b7dbf'),
 ('5', '5', 'fi_fi', 'Campaign template', NULL, '2017-07-14 13:25:16', '2017-07-14 13:25:16', '4346bfef-26dd-464e-872f-4451c675ba49'),
 ('14', '14', 'fi_fi', 'New beers available', '<p>testing testing</p>', '2017-07-17 14:34:35', '2017-07-31 08:14:41', 'c6e9db6d-ae57-46d4-a976-cd80d69228ca'),
 ('16', '16', 'fi_fi', 'Beer House Brewery Sm', NULL, '2017-07-18 08:30:05', '2017-07-18 08:30:05', '3c7bce61-4cf6-4cb7-89f5-ac7e691a0c4e'),
 ('17', '17', 'fi_fi', 'Beer House Brewery 3', NULL, '2017-07-18 09:38:45', '2017-07-18 09:38:45', '49685eb0-8652-4caf-812e-e79bc9c20715'),
 ('18', '18', 'fi_fi', 'Beer House Brewery New', NULL, '2017-07-25 08:31:59', '2017-07-25 08:31:59', 'd0aae344-4e13-4fc6-a356-81f3a8645bc6'),
 ('19', '19', 'fi_fi', 'Brooklyn', NULL, '2017-07-25 08:36:28', '2017-07-25 08:36:28', 'e1ddb3ff-e69c-43a0-8d08-0547bea2abda'),
 ('20', '20', 'fi_fi', 'Proud', NULL, '2017-07-25 08:36:28', '2017-07-25 08:36:28', '4266fb09-183c-43aa-8fbf-54f7ec417334'),
 ('21', '21', 'fi_fi', 'Sorachi', NULL, '2017-07-25 08:36:29', '2017-07-25 08:36:29', 'e20b6c2f-e29e-4e4f-99fb-7d1d405566df'),
 ('23', '23', 'fi_fi', 'Beer 1', NULL, '2017-07-25 14:24:19', '2017-07-26 06:15:38', '360f949f-34f8-443b-a950-246c30dac2bd'),
 ('24', '25', 'fi_fi', 'Beer 2', NULL, '2017-07-25 18:58:32', '2017-07-26 06:16:00', '9fef1832-4134-4e2d-8a25-b39e61337602'),
 ('25', '27', 'fi_fi', 'Beer 3', NULL, '2017-07-26 08:51:55', '2017-07-26 08:51:55', 'c2566d9d-55cd-4fae-b680-04f87291d6a3'),
 ('26', '29', 'fi_fi', 'Beer 4', NULL, '2017-07-26 08:53:08', '2017-07-26 08:53:08', 'ff55764d-437f-4415-9468-2c2b42d6a9bc'),
 ('27', '31', 'fi_fi', 'Beer House Brewery Green', NULL, '2017-07-28 13:28:06', '2017-07-28 13:28:06', '62f098b6-09bd-4f88-85a0-7675d50fc3ba');



DROP TABLE IF EXISTS `craft_deprecationerrors`;


--
-- Schema for table `craft_deprecationerrors`
--
CREATE TABLE `craft_deprecationerrors` (
  `id` int(11) NOT NULL AUTO_INCREMENT,
  `key` varchar(255) COLLATE utf8_unicode_ci NOT NULL,
  `fingerprint` varchar(255) COLLATE utf8_unicode_ci NOT NULL,
  `lastOccurrence` datetime NOT NULL,
  `file` varchar(255) COLLATE utf8_unicode_ci NOT NULL,
  `line` smallint(6) unsigned NOT NULL,
  `class` varchar(255) COLLATE utf8_unicode_ci DEFAULT NULL,
  `method` varchar(255) COLLATE utf8_unicode_ci DEFAULT NULL,
  `template` varchar(255) COLLATE utf8_unicode_ci DEFAULT NULL,
  `templateLine` smallint(6) unsigned DEFAULT NULL,
  `message` varchar(255) COLLATE utf8_unicode_ci DEFAULT NULL,
  `traces` text COLLATE utf8_unicode_ci,
  `dateCreated` datetime NOT NULL,
  `dateUpdated` datetime NOT NULL,
  `uid` char(36) COLLATE utf8_unicode_ci NOT NULL DEFAULT '0',
  PRIMARY KEY (`id`),
  UNIQUE KEY `craft_deprecationerrors_key_fingerprint_unq_idx` (`key`,`fingerprint`)
) ENGINE=InnoDB DEFAULT CHARSET=utf8 COLLATE=utf8_unicode_ci;

DROP TABLE IF EXISTS `craft_elementindexsettings`;


--
-- Schema for table `craft_elementindexsettings`
--
CREATE TABLE `craft_elementindexsettings` (
  `id` int(11) NOT NULL AUTO_INCREMENT,
  `type` varchar(150) COLLATE utf8_unicode_ci NOT NULL,
  `settings` text COLLATE utf8_unicode_ci,
  `dateCreated` datetime NOT NULL,
  `dateUpdated` datetime NOT NULL,
  `uid` char(36) COLLATE utf8_unicode_ci NOT NULL DEFAULT '0',
  PRIMARY KEY (`id`),
  UNIQUE KEY `craft_elementindexsettings_type_unq_idx` (`type`)
) ENGINE=InnoDB DEFAULT CHARSET=utf8 COLLATE=utf8_unicode_ci;

DROP TABLE IF EXISTS `craft_elements`;


--
-- Schema for table `craft_elements`
--
CREATE TABLE `craft_elements` (
  `id` int(11) NOT NULL AUTO_INCREMENT,
  `type` varchar(150) COLLATE utf8_unicode_ci NOT NULL,
  `enabled` tinyint(1) unsigned NOT NULL DEFAULT '1',
  `archived` tinyint(1) unsigned NOT NULL DEFAULT '0',
  `dateCreated` datetime NOT NULL,
  `dateUpdated` datetime NOT NULL,
  `uid` char(36) COLLATE utf8_unicode_ci NOT NULL DEFAULT '0',
  PRIMARY KEY (`id`),
  KEY `craft_elements_type_idx` (`type`),
  KEY `craft_elements_enabled_idx` (`enabled`),
  KEY `craft_elements_archived_dateCreated_idx` (`archived`,`dateCreated`)
) ENGINE=InnoDB AUTO_INCREMENT=32 DEFAULT CHARSET=utf8 COLLATE=utf8_unicode_ci;

--
-- Data for table `craft_elements`
--

INSERT INTO `craft_elements` (`id`, `type`, `enabled`, `archived`, `dateCreated`, `dateUpdated`, `uid`) VALUES
 ('1', 'User', '1', '0', '2017-07-14 08:34:34', '2017-07-14 08:34:34', '128e470a-4078-4bd1-9712-f8536216cf1b'),
 ('2', 'Entry', '0', '0', '2017-07-14 08:34:36', '2017-07-17 13:36:30', '41d5ce33-f12a-4636-a0af-ddf426c83463'),
 ('3', 'Entry', '1', '0', '2017-07-14 08:34:37', '2017-07-25 08:37:04', 'a54c493c-6087-45c1-851f-4233adb04bf0'),
 ('4', 'Entry', '1', '0', '2017-07-14 13:13:37', '2017-07-25 08:36:55', 'aa3489c4-388f-4b01-a6fc-70b34e3cfdcc'),
 ('5', 'Entry', '1', '0', '2017-07-14 13:25:16', '2017-07-14 13:25:16', '46263de9-5ca7-488b-b4cc-66d14d6fa2ac'),
 ('14', 'Entry', '1', '0', '2017-07-17 14:34:34', '2017-07-31 08:14:41', '4edcb44a-f975-42fa-bf9a-50538790aba6'),
 ('16', 'Asset', '1', '0', '2017-07-18 08:30:05', '2017-07-18 08:30:05', 'f5c86386-746b-4a18-9fd0-bdc98127f84c'),
 ('17', 'Asset', '1', '0', '2017-07-18 09:38:45', '2017-07-18 09:38:45', 'eb2045ce-3838-47d8-af38-de6e4bd0595f'),
 ('18', 'Asset', '1', '0', '2017-07-25 08:31:59', '2017-07-25 08:31:59', '0ad6c31e-da78-4654-9874-020bbbb1403a'),
 ('19', 'Asset', '1', '0', '2017-07-25 08:36:28', '2017-07-25 08:36:28', 'e1c4ffc5-6977-40db-872f-c27dc9715849'),
 ('20', 'Asset', '1', '0', '2017-07-25 08:36:28', '2017-07-25 08:36:28', '782d30f7-2883-478f-b6e3-ba10242d9b82'),
 ('21', 'Asset', '1', '0', '2017-07-25 08:36:29', '2017-07-25 08:36:29', '0e5c06a5-f105-4795-8d4a-4e1f7f7ed3cd'),
 ('23', 'Entry', '1', '0', '2017-07-25 14:24:19', '2017-07-26 06:15:38', '92b06c0f-d5d2-4b4e-bf8e-2670e8c6bc5d'),
 ('24', 'MatrixBlock', '1', '0', '2017-07-25 14:24:19', '2017-07-26 06:15:38', '512200a1-622d-47c7-addc-61137e2328d5'),
 ('25', 'Entry', '1', '0', '2017-07-25 18:58:31', '2017-07-26 06:16:00', 'dbd281ec-d260-4e65-b459-cc19f58ddf68'),
 ('26', 'MatrixBlock', '1', '0', '2017-07-25 18:58:32', '2017-07-26 06:16:00', '97b722af-d19f-4f5f-9d1a-b82923a52422'),
 ('27', 'Entry', '1', '0', '2017-07-26 08:51:55', '2017-07-26 08:51:55', '929ca3c9-4b53-434f-8f6c-5afa920569e8'),
 ('28', 'MatrixBlock', '1', '0', '2017-07-26 08:51:56', '2017-07-26 08:51:56', '25250cc8-bc46-4b14-a4ae-b5ec1ac393f0'),
 ('29', 'Entry', '1', '0', '2017-07-26 08:53:08', '2017-07-26 08:53:08', 'bb6ff238-4efa-4407-8723-d0b8c2cbdc4d'),
 ('30', 'MatrixBlock', '1', '0', '2017-07-26 08:53:08', '2017-07-26 08:53:08', 'e6ce4759-89bd-49e1-9d7e-e8e05c3de203'),
 ('31', 'Asset', '1', '0', '2017-07-28 13:28:04', '2017-07-28 13:28:04', 'd6bd8214-7b11-4622-813e-bdefda03805e');



DROP TABLE IF EXISTS `craft_elements_i18n`;


--
-- Schema for table `craft_elements_i18n`
--
CREATE TABLE `craft_elements_i18n` (
  `id` int(11) NOT NULL AUTO_INCREMENT,
  `elementId` int(11) NOT NULL,
  `locale` char(12) COLLATE utf8_unicode_ci NOT NULL,
  `slug` varchar(255) COLLATE utf8_unicode_ci DEFAULT NULL,
  `uri` varchar(255) COLLATE utf8_unicode_ci DEFAULT NULL,
  `enabled` tinyint(1) unsigned NOT NULL DEFAULT '1',
  `dateCreated` datetime NOT NULL,
  `dateUpdated` datetime NOT NULL,
  `uid` char(36) COLLATE utf8_unicode_ci NOT NULL DEFAULT '0',
  PRIMARY KEY (`id`),
  UNIQUE KEY `craft_elements_i18n_elementId_locale_unq_idx` (`elementId`,`locale`),
  UNIQUE KEY `craft_elements_i18n_uri_locale_unq_idx` (`uri`,`locale`),
  KEY `craft_elements_i18n_slug_locale_idx` (`slug`,`locale`),
  KEY `craft_elements_i18n_enabled_idx` (`enabled`),
  KEY `craft_elements_i18n_locale_fk` (`locale`)
) ENGINE=InnoDB AUTO_INCREMENT=32 DEFAULT CHARSET=utf8 COLLATE=utf8_unicode_ci;

--
-- Data for table `craft_elements_i18n`
--

INSERT INTO `craft_elements_i18n` (`id`, `elementId`, `locale`, `slug`, `uri`, `enabled`, `dateCreated`, `dateUpdated`, `uid`) VALUES
 ('1', '1', 'fi_fi', '', NULL, '1', '2017-07-14 08:34:35', '2017-07-14 08:34:35', '95346111-9940-4e77-bcd0-be5ab48c162a'),
 ('2', '2', 'fi_fi', 'homepage', '__home__', '1', '2017-07-14 08:34:36', '2017-07-17 13:36:14', 'f2232402-dee2-417f-9ae1-a18e0b252d6d'),
 ('3', '3', 'fi_fi', 'hello-finland-craft', 'news/2017/hello-finland-craft', '1', '2017-07-14 08:34:37', '2017-07-25 08:37:04', '00d4f45c-17ea-4dd1-9ee3-ce34251dfed6'),
 ('4', '4', 'fi_fi', 'now-testing', 'news/2017/now-testing', '1', '2017-07-14 13:13:37', '2017-07-25 08:36:55', '25b572a6-bf13-4d68-aac2-8591f24f79d5'),
 ('5', '5', 'fi_fi', 'campaign-template', 'campaign-template', '1', '2017-07-14 13:25:16', '2017-07-14 13:25:16', '85548416-f9f8-4b01-8186-900d3d651410'),
 ('14', '14', 'fi_fi', 'third-test', 'news/2017/third-test', '1', '2017-07-17 14:34:35', '2017-07-31 08:14:41', '50e039c5-c42b-413e-95ec-3d3ff78df866'),
 ('16', '16', 'fi_fi', 'beer-house-brewery-sm', NULL, '1', '2017-07-18 08:30:05', '2017-07-18 08:30:05', 'de07c6a4-6215-4a1f-bd2c-1311f846dda1'),
 ('17', '17', 'fi_fi', 'beer-house-brewery-3', NULL, '1', '2017-07-18 09:38:45', '2017-07-18 09:38:45', 'cfee6fbd-4c86-4c6b-a8b6-6fa17a352282'),
 ('18', '18', 'fi_fi', 'beer-house-brewery-new', NULL, '1', '2017-07-25 08:32:00', '2017-07-25 08:32:00', '40f66062-c079-4230-b9e0-a094c27dfcd6'),
 ('19', '19', 'fi_fi', 'brooklyn', NULL, '1', '2017-07-25 08:36:28', '2017-07-25 08:36:28', '76952e80-9416-4320-8d60-af297ddfecd2'),
 ('20', '20', 'fi_fi', 'proud', NULL, '1', '2017-07-25 08:36:28', '2017-07-25 08:36:28', 'abc217f9-1e47-47f7-9699-da3bfb5a53f8'),
 ('21', '21', 'fi_fi', 'sorachi', NULL, '1', '2017-07-25 08:36:29', '2017-07-25 08:36:29', 'b308ee0d-de4c-43d3-98ce-4597c628a01a'),
 ('23', '23', 'fi_fi', 'beer-1', 'beers/beer-1', '1', '2017-07-25 14:24:19', '2017-07-26 06:15:38', 'dfc38948-6709-4f96-830a-4e381f3898bd'),
 ('24', '24', 'fi_fi', '', NULL, '1', '2017-07-25 14:24:19', '2017-07-26 06:15:38', '4ded07ff-d68f-4334-bfbf-bc4c491bf3c2'),
 ('25', '25', 'fi_fi', 'beer-2', 'beers/beer-2', '1', '2017-07-25 18:58:32', '2017-07-26 06:16:00', '99d83361-8295-40da-92c5-1883695be4dd'),
 ('26', '26', 'fi_fi', '', NULL, '1', '2017-07-25 18:58:32', '2017-07-26 06:16:00', '1655959e-304e-4006-a2ce-0017be112d92'),
 ('27', '27', 'fi_fi', 'beer-3', 'beers/beer-3', '1', '2017-07-26 08:51:55', '2017-07-26 08:51:55', '4525fab9-789d-425f-813b-5f86b0abbb5b'),
 ('28', '28', 'fi_fi', '', NULL, '1', '2017-07-26 08:51:56', '2017-07-26 08:51:56', '2fd3c1d2-d032-41d1-bdd9-fbb5898458ca'),
 ('29', '29', 'fi_fi', 'beer-4', 'beers/beer-4', '1', '2017-07-26 08:53:08', '2017-07-26 08:53:08', '9e0066c7-7da6-4b2d-8cf7-8c31bf11841b'),
 ('30', '30', 'fi_fi', '', NULL, '1', '2017-07-26 08:53:08', '2017-07-26 08:53:08', 'd372cbed-71e0-4e06-acef-12a2d294e781'),
 ('31', '31', 'fi_fi', 'beer-house-brewery-green', NULL, '1', '2017-07-28 13:28:08', '2017-07-28 13:28:08', 'dea98276-76a8-4262-9b4d-dfcdb052685b');



DROP TABLE IF EXISTS `craft_emailmessages`;


--
-- Schema for table `craft_emailmessages`
--
CREATE TABLE `craft_emailmessages` (
  `id` int(11) NOT NULL AUTO_INCREMENT,
  `key` char(150) COLLATE utf8_unicode_ci NOT NULL,
  `locale` char(12) COLLATE utf8_unicode_ci NOT NULL,
  `subject` varchar(1000) COLLATE utf8_unicode_ci NOT NULL,
  `body` text COLLATE utf8_unicode_ci NOT NULL,
  `dateCreated` datetime NOT NULL,
  `dateUpdated` datetime NOT NULL,
  `uid` char(36) COLLATE utf8_unicode_ci NOT NULL DEFAULT '0',
  PRIMARY KEY (`id`),
  UNIQUE KEY `craft_emailmessages_key_locale_unq_idx` (`key`,`locale`),
  KEY `craft_emailmessages_locale_fk` (`locale`)
) ENGINE=InnoDB DEFAULT CHARSET=utf8 COLLATE=utf8_unicode_ci;

DROP TABLE IF EXISTS `craft_entries`;


--
-- Schema for table `craft_entries`
--
CREATE TABLE `craft_entries` (
  `id` int(11) NOT NULL,
  `sectionId` int(11) NOT NULL,
  `typeId` int(11) DEFAULT NULL,
  `authorId` int(11) DEFAULT NULL,
  `postDate` datetime DEFAULT NULL,
  `expiryDate` datetime DEFAULT NULL,
  `dateCreated` datetime NOT NULL,
  `dateUpdated` datetime NOT NULL,
  `uid` char(36) COLLATE utf8_unicode_ci NOT NULL DEFAULT '0',
  PRIMARY KEY (`id`),
  KEY `craft_entries_sectionId_idx` (`sectionId`),
  KEY `craft_entries_typeId_idx` (`typeId`),
  KEY `craft_entries_postDate_idx` (`postDate`),
  KEY `craft_entries_expiryDate_idx` (`expiryDate`),
  KEY `craft_entries_authorId_fk` (`authorId`)
) ENGINE=InnoDB DEFAULT CHARSET=utf8 COLLATE=utf8_unicode_ci;

--
-- Data for table `craft_entries`
--

INSERT INTO `craft_entries` (`id`, `sectionId`, `typeId`, `authorId`, `postDate`, `expiryDate`, `dateCreated`, `dateUpdated`, `uid`) VALUES
 ('2', '1', NULL, NULL, '2017-07-14 08:34:36', NULL, '2017-07-14 08:34:36', '2017-07-14 08:34:37', '002948dc-8556-4f10-98d1-ca31446ca5cb'),
 ('3', '2', '2', '1', '2017-07-14 08:34:00', NULL, '2017-07-14 08:34:37', '2017-07-25 08:37:04', 'f910dbba-8fd9-4a83-9466-e994954bea2b'),
 ('4', '2', '2', '1', '2017-07-14 13:13:00', NULL, '2017-07-14 13:13:37', '2017-07-25 08:36:55', '91c1df3a-e081-43d4-85e4-99f6079902b9'),
 ('5', '3', NULL, NULL, '2017-07-14 13:25:16', NULL, '2017-07-14 13:25:16', '2017-07-14 13:25:16', '4ccfe43d-f064-42f2-b4d0-d137498f31a5'),
 ('14', '2', '2', '1', '2017-07-17 14:34:00', NULL, '2017-07-17 14:34:35', '2017-07-31 08:14:42', '32d4fe2e-3cab-4767-8471-44cb6526aabd'),
 ('23', '4', '4', '1', '2017-07-25 14:24:00', NULL, '2017-07-25 14:24:19', '2017-07-26 06:15:39', 'eb6a013a-a8c2-4af1-9fdf-e5063c9e51f6'),
 ('25', '4', '4', '1', '2017-07-25 18:58:00', NULL, '2017-07-25 18:58:32', '2017-07-26 06:16:00', '0e0358ad-6279-4f90-b662-7805c437625b'),
 ('27', '4', '4', '1', '2017-07-26 08:51:55', NULL, '2017-07-26 08:51:56', '2017-07-26 08:51:56', '3ef46bfb-c2d7-4e3f-8ee4-caf01c12b34e'),
 ('29', '4', '4', '1', '2017-07-26 08:53:08', NULL, '2017-07-26 08:53:09', '2017-07-26 08:53:09', '101eb908-7c6e-4349-bcf3-113a11b97a75');



DROP TABLE IF EXISTS `craft_entrydrafts`;


--
-- Schema for table `craft_entrydrafts`
--
CREATE TABLE `craft_entrydrafts` (
  `id` int(11) NOT NULL AUTO_INCREMENT,
  `entryId` int(11) NOT NULL,
  `sectionId` int(11) NOT NULL,
  `creatorId` int(11) NOT NULL,
  `locale` char(12) COLLATE utf8_unicode_ci NOT NULL,
  `name` varchar(255) COLLATE utf8_unicode_ci NOT NULL,
  `notes` tinytext COLLATE utf8_unicode_ci,
  `data` mediumtext COLLATE utf8_unicode_ci NOT NULL,
  `dateCreated` datetime NOT NULL,
  `dateUpdated` datetime NOT NULL,
  `uid` char(36) COLLATE utf8_unicode_ci NOT NULL DEFAULT '0',
  PRIMARY KEY (`id`),
  KEY `craft_entrydrafts_entryId_locale_idx` (`entryId`,`locale`),
  KEY `craft_entrydrafts_sectionId_fk` (`sectionId`),
  KEY `craft_entrydrafts_creatorId_fk` (`creatorId`),
  KEY `craft_entrydrafts_locale_fk` (`locale`)
) ENGINE=InnoDB DEFAULT CHARSET=utf8 COLLATE=utf8_unicode_ci;

DROP TABLE IF EXISTS `craft_entrytypes`;


--
-- Schema for table `craft_entrytypes`
--
CREATE TABLE `craft_entrytypes` (
  `id` int(11) NOT NULL AUTO_INCREMENT,
  `sectionId` int(11) NOT NULL,
  `fieldLayoutId` int(11) DEFAULT NULL,
  `name` varchar(255) COLLATE utf8_unicode_ci NOT NULL,
  `handle` varchar(255) COLLATE utf8_unicode_ci NOT NULL,
  `hasTitleField` tinyint(1) unsigned NOT NULL DEFAULT '1',
  `titleLabel` varchar(255) COLLATE utf8_unicode_ci DEFAULT 'Title',
  `titleFormat` varchar(255) COLLATE utf8_unicode_ci DEFAULT NULL,
  `sortOrder` smallint(6) unsigned DEFAULT NULL,
  `dateCreated` datetime NOT NULL,
  `dateUpdated` datetime NOT NULL,
  `uid` char(36) COLLATE utf8_unicode_ci NOT NULL DEFAULT '0',
  PRIMARY KEY (`id`),
  UNIQUE KEY `craft_entrytypes_name_sectionId_unq_idx` (`name`,`sectionId`),
  UNIQUE KEY `craft_entrytypes_handle_sectionId_unq_idx` (`handle`,`sectionId`),
  KEY `craft_entrytypes_sectionId_fk` (`sectionId`),
  KEY `craft_entrytypes_fieldLayoutId_fk` (`fieldLayoutId`)
) ENGINE=InnoDB AUTO_INCREMENT=5 DEFAULT CHARSET=utf8 COLLATE=utf8_unicode_ci;

--
-- Data for table `craft_entrytypes`
--

INSERT INTO `craft_entrytypes` (`id`, `sectionId`, `fieldLayoutId`, `name`, `handle`, `hasTitleField`, `titleLabel`, `titleFormat`, `sortOrder`, `dateCreated`, `dateUpdated`, `uid`) VALUES
 ('1', '1', '3', 'Homepage', 'homepage', '1', 'Title', NULL, '1', '2017-07-14 08:34:36', '2017-07-14 08:34:37', '71af1aad-d41b-40d8-b566-404c6a9cf427'),
 ('2', '2', '10', 'News', 'news', '1', 'Title', NULL, '1', '2017-07-14 08:34:37', '2017-07-17 13:39:06', '127d75a8-bb27-4520-b2c8-8c5f01744ca7'),
 ('3', '3', '6', 'Campaign template', 'campaignTemplate', '0', NULL, '{section.name|raw}', '1', '2017-07-14 13:25:16', '2017-07-14 13:25:16', '253ef814-17ea-477d-a7f5-8dc815df4de0'),
 ('4', '4', '17', 'Beers', 'beers', '1', 'Title', NULL, '1', '2017-07-25 14:19:41', '2017-07-25 15:01:54', '74bdc823-3e59-4c9f-ac5a-cfe8b3dda87a');



DROP TABLE IF EXISTS `craft_entryversions`;


--
-- Schema for table `craft_entryversions`
--
CREATE TABLE `craft_entryversions` (
  `id` int(11) NOT NULL AUTO_INCREMENT,
  `entryId` int(11) NOT NULL,
  `sectionId` int(11) NOT NULL,
  `creatorId` int(11) DEFAULT NULL,
  `locale` char(12) COLLATE utf8_unicode_ci NOT NULL,
  `num` smallint(6) unsigned NOT NULL,
  `notes` tinytext COLLATE utf8_unicode_ci,
  `data` mediumtext COLLATE utf8_unicode_ci NOT NULL,
  `dateCreated` datetime NOT NULL,
  `dateUpdated` datetime NOT NULL,
  `uid` char(36) COLLATE utf8_unicode_ci NOT NULL DEFAULT '0',
  PRIMARY KEY (`id`),
  KEY `craft_entryversions_entryId_locale_idx` (`entryId`,`locale`),
  KEY `craft_entryversions_sectionId_fk` (`sectionId`),
  KEY `craft_entryversions_creatorId_fk` (`creatorId`),
  KEY `craft_entryversions_locale_fk` (`locale`)
) ENGINE=InnoDB AUTO_INCREMENT=33 DEFAULT CHARSET=utf8 COLLATE=utf8_unicode_ci;

--
-- Data for table `craft_entryversions`
--

INSERT INTO `craft_entryversions` (`id`, `entryId`, `sectionId`, `creatorId`, `locale`, `num`, `notes`, `data`, `dateCreated`, `dateUpdated`, `uid`) VALUES
 ('1', '2', '1', '1', 'fi_fi', '1', NULL, '{\"typeId\":\"1\",\"authorId\":null,\"title\":\"Homepage\",\"slug\":\"homepage\",\"postDate\":1500021276,\"expiryDate\":null,\"enabled\":1,\"parentId\":null,\"fields\":[]}', '2017-07-14 08:34:36', '2017-07-14 08:34:36', '28443753-762c-40b7-a817-c19bbddf7f89'),
 ('2', '2', '1', '1', 'fi_fi', '2', NULL, '{\"typeId\":null,\"authorId\":null,\"title\":\"Welcome to Localhost!\",\"slug\":\"homepage\",\"postDate\":1500021276,\"expiryDate\":null,\"enabled\":\"1\",\"parentId\":null,\"fields\":{\"1\":\"<p>It\\u2019s true, this site doesn\\u2019t have a whole lot of content yet, but don\\u2019t worry. Our web developers have just installed the CMS, and they\\u2019re setting things up for the content editors this very moment. Soon Localhost will be an oasis of fresh perspectives, sharp analyses, and astute opinions that will keep you coming back again and again.<\\/p>\"}}', '2017-07-14 08:34:37', '2017-07-14 08:34:37', 'da4504a6-1c63-42d1-b3ab-f76c7f71f68a'),
 ('3', '3', '2', '1', 'fi_fi', '1', NULL, '{\"typeId\":\"2\",\"authorId\":\"1\",\"title\":\"We just installed Craft!\",\"slug\":\"we-just-installed-craft\",\"postDate\":1500021277,\"expiryDate\":null,\"enabled\":1,\"parentId\":null,\"fields\":[]}', '2017-07-14 08:34:37', '2017-07-14 08:34:37', 'f9d1c0c7-59df-4b95-bfee-dbc8da8e7f51'),
 ('4', '3', '2', '1', 'fi_fi', '2', '', '{\"typeId\":\"2\",\"authorId\":\"1\",\"title\":\"Hello Finland!\",\"slug\":\"we-just-installed-craft\",\"postDate\":1500021240,\"expiryDate\":null,\"enabled\":1,\"parentId\":null,\"fields\":{\"1\":\"<p>Lorem ipsum dolor sit amet, consectetur adipiscing elit. Maecenas rutrum lorem eget congue semper. Praesent efficitur facilisis viverra. Aliquam et aliquet diam. Sed a fringilla orci. Sed eget dui libero. Suspendisse porttitor euismod dolor. Aliquam fringilla dolor turpis. Suspendisse potenti. Nulla a hendrerit sem. Vivamus non blandit dui. Nulla tincidunt rutrum sodales. Vestibulum feugiat vel neque sit amet feugiat.<\\/p><p><\\/p>\",\"2\":\"\"}}', '2017-07-14 13:12:28', '2017-07-14 13:12:28', 'e7174cab-5411-412a-ba38-5f3b997df229'),
 ('5', '3', '2', '1', 'fi_fi', '3', '', '{\"typeId\":\"2\",\"authorId\":\"1\",\"title\":\"Hello Finland!\",\"slug\":\"hello-finland-craft\",\"postDate\":1500021240,\"expiryDate\":null,\"enabled\":1,\"parentId\":null,\"fields\":{\"1\":\"<p>Lorem ipsum dolor sit amet, consectetur adipiscing elit. Maecenas rutrum lorem eget congue semper. Praesent efficitur facilisis viverra. Aliquam et aliquet diam. Sed a fringilla orci. Sed eget dui libero. Suspendisse porttitor euismod dolor. Aliquam fringilla dolor turpis. Suspendisse potenti. Nulla a hendrerit sem. Vivamus non blandit dui. Nulla tincidunt rutrum sodales. Vestibulum feugiat vel neque sit amet feugiat.<\\/p>\",\"2\":\"\"}}', '2017-07-14 13:12:41', '2017-07-14 13:12:41', 'ae2a4d28-11ac-4db6-8910-e4b7bfe02fec'),
 ('6', '3', '2', '1', 'fi_fi', '4', '', '{\"typeId\":\"2\",\"authorId\":\"1\",\"title\":\"Hello Finland!\",\"slug\":\"hello-finland-craft\",\"postDate\":1500021240,\"expiryDate\":null,\"enabled\":1,\"parentId\":null,\"fields\":{\"1\":\"<p>Lorem ipsum dolor sit amet, consectetur adipiscing elit. Maecenas rutrum lorem eget congue semper. Praesent efficitur facilisis viverra. Aliquam et aliquet diam. Sed a fringilla orci. Sed eget dui libero. Suspendisse porttitor euismod dolor. Aliquam fringilla dolor turpis. Suspendisse potenti. Nulla a hendrerit sem. Vivamus non blandit dui. Nulla tincidunt rutrum sodales. Vestibulum feugiat vel neque sit amet feugiat.<\\/p>\",\"2\":\"\"}}', '2017-07-14 13:13:20', '2017-07-14 13:13:20', '8714fe90-c3ac-49e9-8d72-4124d9187752'),
 ('7', '4', '2', '1', 'fi_fi', '1', '', '{\"typeId\":null,\"authorId\":\"1\",\"title\":\"Now testing\",\"slug\":\"now-testing\",\"postDate\":1500038017,\"expiryDate\":null,\"enabled\":1,\"parentId\":null,\"fields\":{\"1\":\"<p>This is just a test<\\/p>\",\"2\":\"\"}}', '2017-07-14 13:13:38', '2017-07-14 13:13:38', '28c46211-78dd-45c1-88d8-fb5b66b4c5e8'),
 ('8', '5', '3', '1', 'fi_fi', '1', NULL, '{\"typeId\":\"3\",\"authorId\":null,\"title\":\"Campaign template\",\"slug\":\"campaign-template\",\"postDate\":1500038716,\"expiryDate\":null,\"enabled\":1,\"parentId\":null,\"fields\":[]}', '2017-07-14 13:25:16', '2017-07-14 13:25:16', '3f58fd8c-eded-4b45-a1e7-76a52213cda0'),
 ('9', '4', '2', '1', 'fi_fi', '2', '', '{\"typeId\":\"2\",\"authorId\":\"1\",\"title\":\"Now testing\",\"slug\":\"now-testing\",\"postDate\":1500037980,\"expiryDate\":null,\"enabled\":1,\"parentId\":null,\"fields\":{\"1\":\"<p>This is just a test<\\/p>\",\"5\":[\"12\"],\"2\":\"\"}}', '2017-07-17 13:41:51', '2017-07-17 13:41:51', '1cda4358-627b-43b8-a358-a3dafbb8f515'),
 ('10', '3', '2', '1', 'fi_fi', '5', '', '{\"typeId\":\"2\",\"authorId\":\"1\",\"title\":\"Hello Finland!\",\"slug\":\"hello-finland-craft\",\"postDate\":1500021240,\"expiryDate\":null,\"enabled\":1,\"parentId\":null,\"fields\":{\"1\":\"<p>Lorem ipsum dolor sit amet, consectetur adipiscing elit. Maecenas rutrum lorem eget congue semper. Praesent efficitur facilisis viverra. Aliquam et aliquet diam. Sed a fringilla orci. Sed eget dui libero. Suspendisse porttitor euismod dolor. Aliquam fringilla dolor turpis. Suspendisse potenti. Nulla a hendrerit sem. Vivamus non blandit dui. Nulla tincidunt rutrum sodales. Vestibulum feugiat vel neque sit amet feugiat.<\\/p>\",\"5\":[\"12\"],\"2\":\"\"}}', '2017-07-17 13:59:27', '2017-07-17 13:59:27', '2e5ce76f-bfbf-4813-bcc8-f1e16a4d3b38'),
 ('11', '14', '2', '1', 'fi_fi', '1', '', '{\"typeId\":null,\"authorId\":\"1\",\"title\":\"Third test\",\"slug\":\"third-test\",\"postDate\":1500302074,\"expiryDate\":null,\"enabled\":1,\"parentId\":null,\"fields\":{\"1\":\"<p>testing testing<\\/p>\",\"5\":[\"13\"],\"2\":\"\"}}', '2017-07-17 14:34:35', '2017-07-17 14:34:35', '3b46ea48-3632-48b7-9e69-a1361fc02bb9'),
 ('12', '14', '2', '1', 'fi_fi', '2', '', '{\"typeId\":\"2\",\"authorId\":\"1\",\"title\":\"Third test pit\\u00e4\\u00e4\\u00e4\\u00e4\\u00e4 test\",\"slug\":\"third-test\",\"postDate\":1500302040,\"expiryDate\":null,\"enabled\":1,\"parentId\":null,\"fields\":{\"1\":\"<p>testing testing<\\/p>\",\"5\":[\"13\"],\"2\":\"\"}}', '2017-07-18 11:41:48', '2017-07-18 11:41:48', 'f30fae59-dcbb-4328-8e83-524ff615a656'),
 ('13', '14', '2', '1', 'fi_fi', '3', '', '{\"typeId\":\"2\",\"authorId\":\"1\",\"title\":\"Third test pit\\u00e4\\u00e4\\u00e4\\u00e4\\u00e4 test ewrfrewgewgewgwergwerwerwergwergggggggggggggggggggggggggggggggggggggggggggggggggggggggggggggggggggggggggggggggggggggggggggggggggggg\",\"slug\":\"third-test\",\"postDate\":1500302040,\"expiryDate\":null,\"enabled\":1,\"parentId\":null,\"fields\":{\"1\":\"<p>testing testing<\\/p>\",\"5\":[\"13\"],\"2\":\"\"}}', '2017-07-18 12:03:35', '2017-07-18 12:03:35', '69c7ce1a-36ab-4048-8241-264a99a09a99'),
 ('14', '14', '2', '1', 'fi_fi', '4', '', '{\"typeId\":\"2\",\"authorId\":\"1\",\"title\":\"Third test\",\"slug\":\"third-test\",\"postDate\":1500302040,\"expiryDate\":null,\"enabled\":1,\"parentId\":null,\"fields\":{\"1\":\"<p>testing testing<\\/p>\",\"5\":[\"13\"],\"2\":\"\"}}', '2017-07-18 12:09:42', '2017-07-18 12:09:42', '9285233c-8a80-48c0-b777-6a1b9a92a94b'),
 ('15', '14', '2', '1', 'fi_fi', '5', '', '{\"typeId\":\"2\",\"authorId\":\"1\",\"title\":\"Third test pit\\u00e4\\u00e4\\u00e4\\u00e4\\u00e4\\u00e4\\u00e4\\u00e4\\u00e4\\u00e4\\u00e4\\u00e4\\u00e4\\u00e4\\u00e4\",\"slug\":\"third-test\",\"postDate\":1500302040,\"expiryDate\":null,\"enabled\":1,\"parentId\":null,\"fields\":{\"1\":\"<p>testing testing<\\/p>\",\"5\":[\"13\"],\"2\":\"\"}}', '2017-07-18 12:11:28', '2017-07-18 12:11:28', '1803b8ad-e2bc-4532-aaad-efa61c5ae338'),
 ('16', '14', '2', '1', 'fi_fi', '6', '', '{\"typeId\":\"2\",\"authorId\":\"1\",\"title\":\"Third test pit\\u00e4\\u00e4\\u00e4\\u00e4\\u00e4\\u00e4 \\u00e4\\u00e4\\u00e4\\u00e4\\u00e4\\u00e4\\u00e4\\u00e4\\u00e4\",\"slug\":\"third-test\",\"postDate\":1500302040,\"expiryDate\":null,\"enabled\":1,\"parentId\":null,\"fields\":{\"1\":\"<p>testing testing<\\/p>\",\"5\":[\"13\"],\"2\":\"\"}}', '2017-07-18 12:17:10', '2017-07-18 12:17:10', '114b1505-0c64-4ddc-b41f-9f9609a32924'),
 ('17', '14', '2', '1', 'fi_fi', '7', '', '{\"typeId\":\"2\",\"authorId\":\"1\",\"title\":\"Third test pit\\u00e4\\u00e4\\u00e4\\u00e4\\u00e4\\u00e4 \\u00e4\\u00e4\\u00e4\\u00e4\\u00e4\\u00e4\\u00e4\\u00e4\\u00e4 pppppp\",\"slug\":\"third-test\",\"postDate\":1500302040,\"expiryDate\":null,\"enabled\":1,\"parentId\":null,\"fields\":{\"1\":\"<p>testing testing<\\/p>\",\"5\":[\"13\"],\"2\":\"\"}}', '2017-07-18 12:20:14', '2017-07-18 12:20:14', '54127541-6252-46c9-a924-5a9c03c581ce'),
 ('18', '14', '2', '1', 'fi_fi', '8', '', '{\"typeId\":\"2\",\"authorId\":\"1\",\"title\":\"Third test pit\\u00e4\\u00e4\\u00e4\\u00e4\\u00e4\\u00e4 \\u00e4\\u00e4\\u00e4\\u00e4\\u00e4\\u00e4\\u00e4\\u00e4\\u00e4 pppppp lkjsaf\\u00f6lsajfd\\u00f6lhj\\u00f6lsadj\\u00f6ldsajfa\\u00f6lsdfj\",\"slug\":\"third-test\",\"postDate\":1500302040,\"expiryDate\":null,\"enabled\":1,\"parentId\":null,\"fields\":{\"1\":\"<p>testing testing<\\/p>\",\"5\":[\"13\"],\"2\":\"\"}}', '2017-07-18 12:20:30', '2017-07-18 12:20:30', '3942dac9-49e5-442c-bf25-ca46a8fb3fb2'),
 ('19', '14', '2', '1', 'fi_fi', '9', '', '{\"typeId\":\"2\",\"authorId\":\"1\",\"title\":\"New beers available\",\"slug\":\"third-test\",\"postDate\":1500302040,\"expiryDate\":null,\"enabled\":1,\"parentId\":null,\"fields\":{\"1\":\"<p>testing testing<\\/p>\",\"5\":[\"13\"],\"2\":\"\"}}', '2017-07-19 09:44:43', '2017-07-19 09:44:43', '81437690-bfd9-4fca-96b0-9f549b12e52f'),
 ('20', '14', '2', '1', 'fi_fi', '10', '', '{\"typeId\":\"2\",\"authorId\":\"1\",\"title\":\"New beers available\",\"slug\":\"third-test\",\"postDate\":1500302040,\"expiryDate\":null,\"enabled\":1,\"parentId\":null,\"fields\":{\"1\":\"<p>testing testing<\\/p>\",\"5\":[\"19\"],\"2\":\"\"}}', '2017-07-25 08:36:46', '2017-07-25 08:36:46', '6e120d6a-46c3-45fd-8c10-713c14f660b9'),
 ('21', '4', '2', '1', 'fi_fi', '3', '', '{\"typeId\":\"2\",\"authorId\":\"1\",\"title\":\"Now testing\",\"slug\":\"now-testing\",\"postDate\":1500037980,\"expiryDate\":null,\"enabled\":1,\"parentId\":null,\"fields\":{\"1\":\"<p>This is just a test<\\/p>\",\"5\":[\"21\"],\"2\":\"\"}}', '2017-07-25 08:36:55', '2017-07-25 08:36:55', '1806be09-f9a0-4f16-ba27-aac9e9997653'),
 ('22', '3', '2', '1', 'fi_fi', '6', '', '{\"typeId\":\"2\",\"authorId\":\"1\",\"title\":\"Hello Finland!\",\"slug\":\"hello-finland-craft\",\"postDate\":1500021240,\"expiryDate\":null,\"enabled\":1,\"parentId\":null,\"fields\":{\"1\":\"<p>Lorem ipsum dolor sit amet, consectetur adipiscing elit. Maecenas rutrum lorem eget congue semper. Praesent efficitur facilisis viverra. Aliquam et aliquet diam. Sed a fringilla orci. Sed eget dui libero. Suspendisse porttitor euismod dolor. Aliquam fringilla dolor turpis. Suspendisse potenti. Nulla a hendrerit sem. Vivamus non blandit dui. Nulla tincidunt rutrum sodales. Vestibulum feugiat vel neque sit amet feugiat.<\\/p>\",\"5\":[\"20\"],\"2\":\"\"}}', '2017-07-25 08:37:04', '2017-07-25 08:37:04', '38b38185-14bb-4775-ae1a-1b1b6d05b8c8'),
 ('23', '23', '4', '1', 'fi_fi', '1', '', '{\"typeId\":null,\"authorId\":\"1\",\"title\":\"Beer 1\",\"slug\":\"beer-1\",\"postDate\":1500992640,\"expiryDate\":null,\"enabled\":1,\"parentId\":null,\"fields\":{\"3\":{\"new1\":{\"type\":\"block1\",\"enabled\":\"1\",\"fields\":{\"image\":[\"19\"],\"campaignTitle\":\"Beer 1\",\"campaignInfo\":\"sdfa\"}}}}}', '2017-07-25 14:24:19', '2017-07-25 14:24:19', '6e1aaf4a-a701-4b26-9025-7130b7625114'),
 ('24', '23', '4', '1', 'fi_fi', '2', '', '{\"typeId\":\"4\",\"authorId\":\"1\",\"title\":\"Beer 1\",\"slug\":\"beer-1\",\"postDate\":1500992640,\"expiryDate\":null,\"enabled\":1,\"parentId\":null,\"fields\":{\"3\":{\"24\":{\"type\":\"block1\",\"enabled\":\"1\",\"fields\":{\"image\":[\"19\"],\"campaignTitle\":\"Beer 1\",\"campaignInfo\":\"<p>Lorem ipsum dolor sit amet, consectetur adipiscing elit. Mauris porta est eget mauris vehicula, nec vulputate diam aliquet. Orci varius natoque penatibus et magnis dis parturient montes, nascetur ridiculus mus. Nunc interdum in ligula at hendrerit. Aliquam viverra, nisi in mollis consequat, orci magna pharetra elit, vel dapibus nunc neque placerat dui. Donec lacinia at sem id faucibus. Aenean ut scelerisque urna. Proin mollis tortor et ornare ultricies. Aenean sodales lorem libero, eu consequat nibh convallis quis. Etiam finibus mollis velit, ut porttitor diam faucibus ut. Sed turpis diam, convallis non lacus vel, blandit laoreet velit. Nunc tincidunt nunc dui. Praesent sed justo quis quam tincidunt mollis. Phasellus ultrices purus vitae consequat lacinia.<\\/p>\\r\\n<p>Integer a maximus diam. Mauris ac commodo dolor. Proin elit lacus, pulvinar at orci quis, maximus placerat urna. Quisque faucibus quis ligula eu aliquet. Vestibulum sed tellus nisl. Duis feugiat tellus eu felis pulvinar, eget malesuada est semper. Nam viverra lobortis risus at varius. Phasellus eget ipsum fringilla, rutrum erat sed, efficitur mi. Morbi pellentesque gravida sagittis. Praesent tincidunt aliquet erat vitae commodo. Suspendisse potenti. Nunc egestas odio ut efficitur hendrerit. Etiam tincidunt interdum nulla at finibus. In nunc nisl, sagittis in eleifend quis, suscipit eu nisl. Aliquam erat volutpat. Morbi a aliquet dolor.<\\/p>\"}}}}}', '2017-07-25 14:25:27', '2017-07-25 14:25:27', '57311cb9-2398-44e1-8eb6-552963e48818'),
 ('25', '23', '4', '1', 'fi_fi', '3', '', '{\"typeId\":\"4\",\"authorId\":\"1\",\"title\":\"Beer 1\",\"slug\":\"beer-1\",\"postDate\":1500992640,\"expiryDate\":null,\"enabled\":1,\"parentId\":null,\"fields\":{\"8\":[\"19\"],\"3\":{\"24\":{\"type\":\"block1\",\"enabled\":\"1\",\"fields\":{\"image\":[\"19\"],\"campaignTitle\":\"Beer 1\",\"campaignInfo\":\"<p>Lorem ipsum dolor sit amet, consectetur adipiscing elit. Mauris porta est eget mauris vehicula, nec vulputate diam aliquet. Orci varius natoque penatibus et magnis dis parturient montes, nascetur ridiculus mus. Nunc interdum in ligula at hendrerit. Aliquam viverra, nisi in mollis consequat, orci magna pharetra elit, vel dapibus nunc neque placerat dui. Donec lacinia at sem id faucibus. Aenean ut scelerisque urna. Proin mollis tortor et ornare ultricies. Aenean sodales lorem libero, eu consequat nibh convallis quis. Etiam finibus mollis velit, ut porttitor diam faucibus ut. Sed turpis diam, convallis non lacus vel, blandit laoreet velit. Nunc tincidunt nunc dui. Praesent sed justo quis quam tincidunt mollis. Phasellus ultrices purus vitae consequat lacinia.<\\/p>\\r\\n<p>Integer a maximus diam. Mauris ac commodo dolor. Proin elit lacus, pulvinar at orci quis, maximus placerat urna. Quisque faucibus quis ligula eu aliquet. Vestibulum sed tellus nisl. Duis feugiat tellus eu felis pulvinar, eget malesuada est semper. Nam viverra lobortis risus at varius. Phasellus eget ipsum fringilla, rutrum erat sed, efficitur mi. Morbi pellentesque gravida sagittis. Praesent tincidunt aliquet erat vitae commodo. Suspendisse potenti. Nunc egestas odio ut efficitur hendrerit. Etiam tincidunt interdum nulla at finibus. In nunc nisl, sagittis in eleifend quis, suscipit eu nisl. Aliquam erat volutpat. Morbi a aliquet dolor.<\\/p>\"}}}}}', '2017-07-25 15:02:10', '2017-07-25 15:02:10', '45e75f7a-8cd5-42e6-ac9e-a99acddad038'),
 ('26', '25', '4', '1', 'fi_fi', '1', '', '{\"typeId\":null,\"authorId\":\"1\",\"title\":\"Beer 2\",\"slug\":\"beer-2\",\"postDate\":1501009111,\"expiryDate\":null,\"enabled\":1,\"parentId\":null,\"fields\":{\"8\":[\"21\"],\"3\":{\"new1\":{\"type\":\"block1\",\"enabled\":\"1\",\"fields\":{\"image\":[\"21\"],\"campaignTitle\":\"Beer 2\",\"campaignInfo\":\"<p><\\/p><p>Lorem ipsum dolor sit amet, consectetur adipiscing elit. Mauris porta est eget mauris vehicula, nec vulputate diam aliquet. Orci varius natoque penatibus et magnis dis parturient montes, nascetur ridiculus mus. Nunc interdum in ligula at hendrerit. Aliquam viverra, nisi in mollis consequat, orci magna pharetra elit, vel dapibus nunc neque placerat dui. Donec lacinia at sem id faucibus. Aenean ut scelerisque urna. Proin mollis tortor et ornare ultricies. Aenean sodales lorem libero, eu consequat nibh convallis quis. Etiam finibus mollis velit, ut porttitor diam faucibus ut. Sed turpis diam, convallis non lacus vel, blandit laoreet velit. Nunc tincidunt nunc dui. Praesent sed justo quis quam tincidunt mollis. Phasellus ultrices purus vitae consequat lacinia.<\\/p>\\r\\n<p>Integer a maximus diam. Mauris ac commodo dolor. Proin elit lacus, pulvinar at orci quis, maximus placerat urna. Quisque faucibus quis ligula eu aliquet. Vestibulum sed tellus nisl. Duis feugiat tellus eu felis pulvinar, eget malesuada est semper. Nam viverra lobortis risus at varius. Phasellus eget ipsum fringilla, rutrum erat sed, efficitur mi. Morbi pellentesque gravida sagittis. Praesent tincidunt aliquet erat vitae commodo. Suspendisse potenti. Nunc egestas odio ut efficitur hendrerit. Etiam tincidunt interdum nulla at finibus. In nunc nisl, sagittis in eleifend quis, suscipit eu nisl. Aliquam erat volutpat. Morbi a aliquet dolor.<\\/p>\"}}}}}', '2017-07-25 18:58:32', '2017-07-25 18:58:32', '23bb8301-3aeb-4406-a282-ed7b76ed1bb1'),
 ('27', '23', '4', '1', 'fi_fi', '4', '', '{\"typeId\":\"4\",\"authorId\":\"1\",\"title\":\"Beer 1\",\"slug\":\"beer-1\",\"postDate\":1500992640,\"expiryDate\":null,\"enabled\":1,\"parentId\":null,\"fields\":{\"8\":[\"19\"],\"3\":{\"24\":{\"type\":\"block1\",\"enabled\":\"1\",\"fields\":{\"image\":[\"19\"],\"campaignTitle\":\"Beer 1\",\"style\":\"Lager\",\"alcoholByVolumeAbv\":\"4,7 %\",\"campaignInfo\":\"<p>Lorem ipsum dolor sit amet, consectetur adipiscing elit. Mauris porta est eget mauris vehicula, nec vulputate diam aliquet. Orci varius natoque penatibus et magnis dis parturient montes, nascetur ridiculus mus. Nunc interdum in ligula at hendrerit. Aliquam viverra, nisi in mollis consequat, orci magna pharetra elit, vel dapibus nunc neque placerat dui. Donec lacinia at sem id faucibus. Aenean ut scelerisque urna. Proin mollis tortor et ornare ultricies. Aenean sodales lorem libero, eu consequat nibh convallis quis. Etiam finibus mollis velit, ut porttitor diam faucibus ut. Sed turpis diam, convallis non lacus vel, blandit laoreet velit. Nunc tincidunt nunc dui. Praesent sed justo quis quam tincidunt mollis. Phasellus ultrices purus vitae consequat lacinia.<\\/p>\\r\\n<p>Integer a maximus diam. Mauris ac commodo dolor. Proin elit lacus, pulvinar at orci quis, maximus placerat urna. Quisque faucibus quis ligula eu aliquet. Vestibulum sed tellus nisl. Duis feugiat tellus eu felis pulvinar, eget malesuada est semper. Nam viverra lobortis risus at varius. Phasellus eget ipsum fringilla, rutrum erat sed, efficitur mi. Morbi pellentesque gravida sagittis. Praesent tincidunt aliquet erat vitae commodo. Suspendisse potenti. Nunc egestas odio ut efficitur hendrerit. Etiam tincidunt interdum nulla at finibus. In nunc nisl, sagittis in eleifend quis, suscipit eu nisl. Aliquam erat volutpat. Morbi a aliquet dolor.<\\/p>\"}}}}}', '2017-07-26 06:15:39', '2017-07-26 06:15:39', '352dd0d6-0709-4a46-91b0-5818bf637307'),
 ('28', '25', '4', '1', 'fi_fi', '2', '', '{\"typeId\":\"4\",\"authorId\":\"1\",\"title\":\"Beer 2\",\"slug\":\"beer-2\",\"postDate\":1501009080,\"expiryDate\":null,\"enabled\":1,\"parentId\":null,\"fields\":{\"8\":[\"21\"],\"3\":{\"26\":{\"type\":\"block1\",\"enabled\":\"1\",\"fields\":{\"image\":[\"21\"],\"campaignTitle\":\"Beer 2\",\"style\":\"IPA\",\"alcoholByVolumeAbv\":\"7,2%\",\"campaignInfo\":\"<p>Lorem ipsum dolor sit amet, consectetur adipiscing elit. Mauris porta est eget mauris vehicula, nec vulputate diam aliquet. Orci varius natoque penatibus et magnis dis parturient montes, nascetur ridiculus mus. Nunc interdum in ligula at hendrerit. Aliquam viverra, nisi in mollis consequat, orci magna pharetra elit, vel dapibus nunc neque placerat dui. Donec lacinia at sem id faucibus. Aenean ut scelerisque urna. Proin mollis tortor et ornare ultricies. Aenean sodales lorem libero, eu consequat nibh convallis quis. Etiam finibus mollis velit, ut porttitor diam faucibus ut. Sed turpis diam, convallis non lacus vel, blandit laoreet velit. Nunc tincidunt nunc dui. Praesent sed justo quis quam tincidunt mollis. Phasellus ultrices purus vitae consequat lacinia.<\\/p>\\r\\n<p>Integer a maximus diam. Mauris ac commodo dolor. Proin elit lacus, pulvinar at orci quis, maximus placerat urna. Quisque faucibus quis ligula eu aliquet. Vestibulum sed tellus nisl. Duis feugiat tellus eu felis pulvinar, eget malesuada est semper. Nam viverra lobortis risus at varius. Phasellus eget ipsum fringilla, rutrum erat sed, efficitur mi. Morbi pellentesque gravida sagittis. Praesent tincidunt aliquet erat vitae commodo. Suspendisse potenti. Nunc egestas odio ut efficitur hendrerit. Etiam tincidunt interdum nulla at finibus. In nunc nisl, sagittis in eleifend quis, suscipit eu nisl. Aliquam erat volutpat. Morbi a aliquet dolor.<\\/p>\"}}}}}', '2017-07-26 06:16:00', '2017-07-26 06:16:00', '86e1e979-039a-48e1-b092-deb812517c84'),
 ('29', '25', '4', '1', 'fi_fi', '3', '', '{\"typeId\":\"4\",\"authorId\":\"1\",\"title\":\"Beer 2\",\"slug\":\"beer-2\",\"postDate\":1501009080,\"expiryDate\":null,\"enabled\":1,\"parentId\":null,\"fields\":{\"8\":[\"21\"],\"3\":{\"26\":{\"type\":\"block1\",\"enabled\":\"1\",\"fields\":{\"image\":[\"21\"],\"campaignTitle\":\"Beer 2\",\"style\":\"IPA\",\"alcoholByVolumeAbv\":\"7,2%\",\"campaignInfo\":\"<p>Lorem ipsum dolor sit amet, consectetur adipiscing elit. Mauris porta est eget mauris vehicula, nec vulputate diam aliquet. Orci varius natoque penatibus et magnis dis parturient montes, nascetur ridiculus mus. Nunc interdum in ligula at hendrerit. Aliquam viverra, nisi in mollis consequat, orci magna pharetra elit, vel dapibus nunc neque placerat dui. Donec lacinia at sem id faucibus. Aenean ut scelerisque urna. Proin mollis tortor et ornare ultricies. Aenean sodales lorem libero, eu consequat nibh convallis quis. Etiam finibus mollis velit, ut porttitor diam faucibus ut. Sed turpis diam, convallis non lacus vel, blandit laoreet velit. Nunc tincidunt nunc dui. Praesent sed justo quis quam tincidunt mollis. Phasellus ultrices purus vitae consequat lacinia.<\\/p>\\r\\n<p>Integer a maximus diam. Mauris ac commodo dolor. Proin elit lacus, pulvinar at orci quis, maximus placerat urna. Quisque faucibus quis ligula eu aliquet. Vestibulum sed tellus nisl. Duis feugiat tellus eu felis pulvinar, eget malesuada est semper. Nam viverra lobortis risus at varius. Phasellus eget ipsum fringilla, rutrum erat sed, efficitur mi. Morbi pellentesque gravida sagittis. Praesent tincidunt aliquet erat vitae commodo. Suspendisse potenti. Nunc egestas odio ut efficitur hendrerit. Etiam tincidunt interdum nulla at finibus. In nunc nisl, sagittis in eleifend quis, suscipit eu nisl. Aliquam erat volutpat. Morbi a aliquet dolor.<\\/p>\"}}}}}', '2017-07-26 06:16:00', '2017-07-26 06:16:00', 'cb9c10ce-3311-41a4-a943-3b27f455f763'),
 ('30', '27', '4', '1', 'fi_fi', '1', '', '{\"typeId\":null,\"authorId\":\"1\",\"title\":\"Beer 3\",\"slug\":\"beer-3\",\"postDate\":1501059115,\"expiryDate\":null,\"enabled\":1,\"parentId\":null,\"fields\":{\"8\":[\"19\"],\"3\":{\"new1\":{\"type\":\"block1\",\"enabled\":\"1\",\"fields\":{\"image\":[\"19\"],\"campaignTitle\":\"Beer 1\",\"style\":\"Lager\",\"abv\":\"9,0%\",\"campaignInfo\":\"<p>Lorem ipsum dolor sit amet, consectetur adipiscing elit. Nam tristique faucibus sem, laoreet pretium arcu viverra quis. Nunc pharetra, massa non malesuada faucibus, sem neque imperdiet est, in mattis mauris massa vitae mauris. Donec consectetur ante nec lacus feugiat, ac euismod enim hendrerit. Aliquam risus turpis, hendrerit non facilisis vel, ultrices vitae nisl. Donec mattis, enim at vulputate vehicula, sapien diam commodo sapien, a cursus turpis odio ut tortor. Aliquam odio massa, dictum id blandit non, elementum vitae nisl. Sed quis auctor arcu. Donec varius tincidunt mattis. Sed sem libero, imperdiet vel ornare eu, malesuada at dolor. Ut accumsan eget lacus in sodales. Nulla sed lorem tristique, mattis neque sit amet, feugiat augue.<\\/p><p><\\/p>\"}}}}}', '2017-07-26 08:51:56', '2017-07-26 08:51:56', 'ed78ac61-1fb5-4cc8-b081-f186f8ddb3a5'),
 ('31', '29', '4', '1', 'fi_fi', '1', '', '{\"typeId\":null,\"authorId\":\"1\",\"title\":\"Beer 4\",\"slug\":\"beer-4\",\"postDate\":1501059188,\"expiryDate\":null,\"enabled\":1,\"parentId\":null,\"fields\":{\"8\":[\"20\"],\"3\":{\"new1\":{\"type\":\"block1\",\"enabled\":\"1\",\"fields\":{\"image\":[\"20\"],\"campaignTitle\":\"Beer 4\",\"style\":\"Ale\",\"abv\":\"10,0 %\",\"campaignInfo\":\"<p>Lorem ipsum dolor sit amet, consectetur adipiscing elit. Donec mattis interdum purus sed semper. Sed eget lorem condimentum, viverra purus in, bibendum ante. Nulla at gravida ipsum. Proin suscipit eu lorem sed posuere. Cras posuere viverra nisl ut tempor. Ut efficitur rhoncus risus, a ultricies eros elementum sit amet. Pellentesque faucibus placerat dapibus. Nullam facilisis sed purus quis consequat. Pellentesque scelerisque euismod nibh, sit amet malesuada urna rhoncus vitae. Ut convallis nunc et tortor dictum gravida. Curabitur aliquam mollis ipsum nec consectetur. Cras at sem iaculis, luctus ante ac, iaculis orci. Ut et lacus interdum, sagittis sapien vitae, tempor risus.<\\/p>\\r\\n<p>Integer eu diam eu nunc eleifend imperdiet. Aliquam placerat libero vitae pulvinar malesuada. Nam ultrices libero tortor, pulvinar malesuada mi interdum ut. Cras ultricies erat nisi, eget facilisis est vestibulum in. Morbi malesuada faucibus porttitor. Nulla imperdiet urna ultricies rutrum varius. Interdum et malesuada fames ac ante ipsum primis in faucibus. Phasellus quis nisl sollicitudin, placerat massa et, dapibus quam. Curabitur vel massa in erat interdum aliquam. In id dui sed velit condimentum faucibus eget vel ligula. Aliquam viverra dapibus magna, a euismod dolor cursus ut. Praesent et mi non magna porta accumsan non quis turpis. Mauris venenatis, est sed porttitor dapibus, nibh urna mollis lacus, vitae pretium felis erat sed leo.<\\/p>\\r\\n<p>Duis pulvinar sem nulla, nec tempor ligula volutpat nec. Cras ornare euismod nibh, eu blandit erat dictum in. Nam ornare enim dolor, et hendrerit est ullamcorper ac. Aliquam ac justo id tellus tempus ullamcorper sit amet a nisl. Vestibulum aliquet, ante nec lobortis congue, risus risus luctus felis, id scelerisque leo purus id lectus. Nam non ultricies urna, vel varius nulla. Orci varius natoque penatibus et magnis dis parturient montes, nascetur ridiculus mus. Duis maximus ullamcorper arcu ac pharetra.<\\/p><p><\\/p>\"}}}}}', '2017-07-26 08:53:09', '2017-07-26 08:53:09', 'a4dd3cd2-b037-43fd-ac47-3c26e651e5fd'),
 ('32', '14', '2', '1', 'fi_fi', '11', '', '{\"typeId\":\"2\",\"authorId\":\"1\",\"title\":\"New beers available\",\"slug\":\"third-test\",\"postDate\":1500302040,\"expiryDate\":null,\"enabled\":1,\"parentId\":null,\"fields\":{\"1\":\"<p>testing testing<\\/p>\",\"5\":[\"19\"],\"2\":\"\"}}', '2017-07-31 08:14:42', '2017-07-31 08:14:42', 'ae42b2da-8653-4025-9898-aed41bf52a73');



DROP TABLE IF EXISTS `craft_fieldgroups`;


--
-- Schema for table `craft_fieldgroups`
--
CREATE TABLE `craft_fieldgroups` (
  `id` int(11) NOT NULL AUTO_INCREMENT,
  `name` varchar(255) COLLATE utf8_unicode_ci NOT NULL,
  `dateCreated` datetime NOT NULL,
  `dateUpdated` datetime NOT NULL,
  `uid` char(36) COLLATE utf8_unicode_ci NOT NULL DEFAULT '0',
  PRIMARY KEY (`id`),
  UNIQUE KEY `craft_fieldgroups_name_unq_idx` (`name`)
) ENGINE=InnoDB AUTO_INCREMENT=2 DEFAULT CHARSET=utf8 COLLATE=utf8_unicode_ci;

--
-- Data for table `craft_fieldgroups`
--

INSERT INTO `craft_fieldgroups` (`id`, `name`, `dateCreated`, `dateUpdated`, `uid`) VALUES
 ('1', 'Default', '2017-07-14 08:34:36', '2017-07-14 08:34:36', '3a448a91-a10f-4620-862e-254cf1ff7256');



DROP TABLE IF EXISTS `craft_fieldlayoutfields`;


--
-- Schema for table `craft_fieldlayoutfields`
--
CREATE TABLE `craft_fieldlayoutfields` (
  `id` int(11) NOT NULL AUTO_INCREMENT,
  `layoutId` int(11) NOT NULL,
  `tabId` int(11) NOT NULL,
  `fieldId` int(11) NOT NULL,
  `required` tinyint(1) unsigned NOT NULL DEFAULT '0',
  `sortOrder` smallint(6) unsigned DEFAULT NULL,
  `dateCreated` datetime NOT NULL,
  `dateUpdated` datetime NOT NULL,
  `uid` char(36) COLLATE utf8_unicode_ci NOT NULL DEFAULT '0',
  PRIMARY KEY (`id`),
  UNIQUE KEY `craft_fieldlayoutfields_layoutId_fieldId_unq_idx` (`layoutId`,`fieldId`),
  KEY `craft_fieldlayoutfields_sortOrder_idx` (`sortOrder`),
  KEY `craft_fieldlayoutfields_tabId_fk` (`tabId`),
  KEY `craft_fieldlayoutfields_fieldId_fk` (`fieldId`)
) ENGINE=InnoDB AUTO_INCREMENT=29 DEFAULT CHARSET=utf8 COLLATE=utf8_unicode_ci;

--
-- Data for table `craft_fieldlayoutfields`
--

INSERT INTO `craft_fieldlayoutfields` (`id`, `layoutId`, `tabId`, `fieldId`, `required`, `sortOrder`, `dateCreated`, `dateUpdated`, `uid`) VALUES
 ('1', '3', '1', '1', '1', '1', '2017-07-14 08:34:37', '2017-07-14 08:34:37', '016a757d-24de-4bba-9cf5-83d2261e0c80'),
 ('5', '10', '4', '5', '0', '1', '2017-07-17 13:39:06', '2017-07-17 13:39:06', 'a7dcff70-3f54-4414-83d3-63d4037f8210'),
 ('6', '10', '4', '1', '1', '2', '2017-07-17 13:39:06', '2017-07-17 13:39:06', '0b6b0c60-cb75-4b60-8317-fd0113bf8092'),
 ('7', '10', '4', '2', '0', '3', '2017-07-17 13:39:06', '2017-07-17 13:39:06', '9a6fe3b6-f32f-45cc-8a9e-7de93147a7fd'),
 ('17', '17', '9', '8', '0', '1', '2017-07-25 15:01:54', '2017-07-25 15:01:54', 'b6283927-56ef-438c-8f76-b8767c654ddb'),
 ('18', '17', '9', '3', '0', '2', '2017-07-25 15:01:54', '2017-07-25 15:01:54', '35fcd2b7-1ef3-4e2e-b318-7fa45ea56e45'),
 ('24', '19', '11', '4', '1', '1', '2017-07-26 06:22:07', '2017-07-26 06:22:07', 'ae698064-9dbe-439f-ae25-19e1695061b7'),
 ('25', '19', '11', '6', '1', '2', '2017-07-26 06:22:07', '2017-07-26 06:22:07', 'fd481b74-7403-43eb-9088-859aea57a809'),
 ('26', '19', '11', '9', '1', '3', '2017-07-26 06:22:07', '2017-07-26 06:22:07', '579a8aa1-ad27-41bd-b704-d86415aaa24b'),
 ('27', '19', '11', '10', '1', '4', '2017-07-26 06:22:07', '2017-07-26 06:22:07', '5ca98b56-cdb8-465b-abf3-45bb41e7a946'),
 ('28', '19', '11', '7', '1', '5', '2017-07-26 06:22:07', '2017-07-26 06:22:07', 'bcc6b266-707b-4004-9fc9-39c69c495c49');



DROP TABLE IF EXISTS `craft_fieldlayouts`;


--
-- Schema for table `craft_fieldlayouts`
--
CREATE TABLE `craft_fieldlayouts` (
  `id` int(11) NOT NULL AUTO_INCREMENT,
  `type` varchar(150) COLLATE utf8_unicode_ci NOT NULL,
  `dateCreated` datetime NOT NULL,
  `dateUpdated` datetime NOT NULL,
  `uid` char(36) COLLATE utf8_unicode_ci NOT NULL DEFAULT '0',
  PRIMARY KEY (`id`),
  KEY `craft_fieldlayouts_type_idx` (`type`)
) ENGINE=InnoDB AUTO_INCREMENT=20 DEFAULT CHARSET=utf8 COLLATE=utf8_unicode_ci;

--
-- Data for table `craft_fieldlayouts`
--

INSERT INTO `craft_fieldlayouts` (`id`, `type`, `dateCreated`, `dateUpdated`, `uid`) VALUES
 ('1', 'Tag', '2017-07-14 08:34:36', '2017-07-14 08:34:36', '63c8b965-fddd-48cf-b358-d6bacc347064'),
 ('3', 'Entry', '2017-07-14 08:34:36', '2017-07-14 08:34:36', 'acd12e30-eaa9-4594-a9ad-392ad302b662'),
 ('6', 'Entry', '2017-07-14 13:25:16', '2017-07-14 13:25:16', 'd90b6ae9-c077-440b-9d8c-e300530cc4ec'),
 ('9', 'Asset', '2017-07-15 09:09:59', '2017-07-15 09:09:59', '3c7dd3ff-c2d2-4732-ad3b-16e6a79cfb5c'),
 ('10', 'Entry', '2017-07-17 13:39:06', '2017-07-17 13:39:06', '5a94051a-3271-462e-ba1f-55064b16c6c1'),
 ('17', 'Entry', '2017-07-25 15:01:54', '2017-07-25 15:01:54', 'b83c837e-c7d3-4e3b-85af-4be067fd3498'),
 ('19', 'MatrixBlock', '2017-07-26 06:22:07', '2017-07-26 06:22:07', '93d74f63-1400-478a-91fc-f5ac1efad632');



DROP TABLE IF EXISTS `craft_fieldlayouttabs`;


--
-- Schema for table `craft_fieldlayouttabs`
--
CREATE TABLE `craft_fieldlayouttabs` (
  `id` int(11) NOT NULL AUTO_INCREMENT,
  `layoutId` int(11) NOT NULL,
  `name` varchar(255) COLLATE utf8_unicode_ci NOT NULL,
  `sortOrder` smallint(6) unsigned DEFAULT NULL,
  `dateCreated` datetime NOT NULL,
  `dateUpdated` datetime NOT NULL,
  `uid` char(36) COLLATE utf8_unicode_ci NOT NULL DEFAULT '0',
  PRIMARY KEY (`id`),
  KEY `craft_fieldlayouttabs_sortOrder_idx` (`sortOrder`),
  KEY `craft_fieldlayouttabs_layoutId_fk` (`layoutId`)
) ENGINE=InnoDB AUTO_INCREMENT=12 DEFAULT CHARSET=utf8 COLLATE=utf8_unicode_ci;

--
-- Data for table `craft_fieldlayouttabs`
--

INSERT INTO `craft_fieldlayouttabs` (`id`, `layoutId`, `name`, `sortOrder`, `dateCreated`, `dateUpdated`, `uid`) VALUES
 ('1', '3', 'Content', '1', '2017-07-14 08:34:36', '2017-07-14 08:34:36', '52ec5659-6b3d-4195-84ee-360ab5f582ea'),
 ('4', '10', 'Content', '1', '2017-07-17 13:39:06', '2017-07-17 13:39:06', 'bb87e2f2-b186-4a22-b8b1-13f9dec8b2cb'),
 ('9', '17', 'Tab 1', '1', '2017-07-25 15:01:54', '2017-07-25 15:01:54', '5b0b921e-be1c-4d66-9f7b-af6f227daf0f'),
 ('11', '19', 'Content', '1', '2017-07-26 06:22:07', '2017-07-26 06:22:07', '5b04dabc-6af5-4dcd-8d37-45d6ebd67e88');



DROP TABLE IF EXISTS `craft_fields`;


--
-- Schema for table `craft_fields`
--
CREATE TABLE `craft_fields` (
  `id` int(11) NOT NULL AUTO_INCREMENT,
  `groupId` int(11) DEFAULT NULL,
  `name` varchar(255) COLLATE utf8_unicode_ci NOT NULL,
  `handle` varchar(58) COLLATE utf8_unicode_ci NOT NULL,
  `context` varchar(255) COLLATE utf8_unicode_ci NOT NULL DEFAULT 'global',
  `instructions` text COLLATE utf8_unicode_ci,
  `translatable` tinyint(1) unsigned NOT NULL DEFAULT '0',
  `type` varchar(150) COLLATE utf8_unicode_ci NOT NULL,
  `settings` text COLLATE utf8_unicode_ci,
  `dateCreated` datetime NOT NULL,
  `dateUpdated` datetime NOT NULL,
  `uid` char(36) COLLATE utf8_unicode_ci NOT NULL DEFAULT '0',
  PRIMARY KEY (`id`),
  UNIQUE KEY `craft_fields_handle_context_unq_idx` (`handle`,`context`),
  KEY `craft_fields_context_idx` (`context`),
  KEY `craft_fields_groupId_fk` (`groupId`)
) ENGINE=InnoDB AUTO_INCREMENT=11 DEFAULT CHARSET=utf8 COLLATE=utf8_unicode_ci;

--
-- Data for table `craft_fields`
--

INSERT INTO `craft_fields` (`id`, `groupId`, `name`, `handle`, `context`, `instructions`, `translatable`, `type`, `settings`, `dateCreated`, `dateUpdated`, `uid`) VALUES
 ('1', '1', 'Body', 'body', 'global', NULL, '1', 'RichText', '{\"configFile\":\"Standard.json\",\"columnType\":\"text\"}', '2017-07-14 08:34:36', '2017-07-14 08:34:36', 'eb1ddc9a-4819-4304-923b-650a5690a16b'),
 ('2', '1', 'Tags', 'tags', 'global', NULL, '0', 'Tags', '{\"source\":\"taggroup:1\"}', '2017-07-14 08:34:36', '2017-07-14 08:34:36', '7d4e9a97-31f6-4b58-8121-d4bc62fdd2f7'),
 ('3', '1', 'Campaign matrix', 'campaignMatrix', 'global', 'Matrix field for the campaign template', '0', 'Matrix', '{\"maxBlocks\":null}', '2017-07-14 13:30:29', '2017-07-26 06:22:06', '75501593-f9c6-4209-ac1d-ab12172f24d9'),
 ('4', NULL, 'Image', 'image', 'matrixBlockType:1', '', '0', 'Assets', '{\"useSingleFolder\":\"\",\"sources\":\"*\",\"defaultUploadLocationSource\":\"1\",\"defaultUploadLocationSubpath\":\"\",\"singleUploadLocationSource\":\"1\",\"singleUploadLocationSubpath\":\"\",\"restrictFiles\":\"\",\"limit\":\"\",\"viewMode\":\"list\",\"selectionLabel\":\"\"}', '2017-07-14 13:30:29', '2017-07-26 06:22:06', '632004c4-c3fa-4b09-aa59-51de02f53569'),
 ('5', '1', 'Image', 'newsImage', 'global', '', '0', 'Assets', '{\"useSingleFolder\":\"\",\"sources\":[\"folder:1\"],\"defaultUploadLocationSource\":\"1\",\"defaultUploadLocationSubpath\":\"\",\"singleUploadLocationSource\":\"1\",\"singleUploadLocationSubpath\":\"\",\"restrictFiles\":\"\",\"limit\":\"1\",\"viewMode\":\"list\",\"selectionLabel\":\"\"}', '2017-07-17 13:38:31', '2017-07-17 13:38:31', 'e701f14c-ef90-41ae-928e-4ca20907ad89'),
 ('6', NULL, 'Title', 'campaignTitle', 'matrixBlockType:1', '', '0', 'PlainText', '{\"placeholder\":\"\",\"maxLength\":\"\",\"multiline\":\"\",\"initialRows\":\"4\"}', '2017-07-25 13:54:16', '2017-07-26 06:22:06', '294b1dbd-0b9e-4c7c-b977-f9b81d11b905'),
 ('7', NULL, 'info', 'campaignInfo', 'matrixBlockType:1', '', '0', 'RichText', '{\"configFile\":\"\",\"availableAssetSources\":\"*\",\"availableTransforms\":\"*\",\"cleanupHtml\":\"1\",\"purifyHtml\":\"1\",\"purifierConfig\":\"\",\"columnType\":\"text\"}', '2017-07-25 13:55:05', '2017-07-26 06:22:07', 'c0d8de60-ffb8-4671-b62a-330973a22e6c'),
 ('8', '1', 'Beer image', 'beerImage', 'global', '', '0', 'Assets', '{\"useSingleFolder\":\"\",\"sources\":[\"folder:1\"],\"defaultUploadLocationSource\":\"1\",\"defaultUploadLocationSubpath\":\"\",\"singleUploadLocationSource\":\"1\",\"singleUploadLocationSubpath\":\"\",\"restrictFiles\":\"1\",\"allowedKinds\":[\"image\"],\"limit\":\"1\",\"viewMode\":\"large\",\"selectionLabel\":\"\"}', '2017-07-25 14:44:39', '2017-07-25 14:44:39', '09943c52-a3c2-49e9-a2a7-61b020b02036'),
 ('9', NULL, 'Style', 'style', 'matrixBlockType:1', '', '0', 'PlainText', '{\"placeholder\":\"\",\"maxLength\":\"\",\"multiline\":\"\",\"initialRows\":\"4\"}', '2017-07-26 06:14:42', '2017-07-26 06:22:07', '6d4cb22b-a924-41ee-ad4e-f0a736fc0b9f'),
 ('10', NULL, 'Alcohol by volume (ABV)', 'abv', 'matrixBlockType:1', '', '0', 'PlainText', '{\"placeholder\":\"\",\"maxLength\":\"\",\"multiline\":\"\",\"initialRows\":\"4\"}', '2017-07-26 06:14:42', '2017-07-26 06:22:07', '034783e0-44da-4e02-9760-04260f8e05ce');



DROP TABLE IF EXISTS `craft_globalsets`;


--
-- Schema for table `craft_globalsets`
--
CREATE TABLE `craft_globalsets` (
  `id` int(11) NOT NULL,
  `name` varchar(255) COLLATE utf8_unicode_ci NOT NULL,
  `handle` varchar(255) COLLATE utf8_unicode_ci NOT NULL,
  `fieldLayoutId` int(11) DEFAULT NULL,
  `dateCreated` datetime NOT NULL,
  `dateUpdated` datetime NOT NULL,
  `uid` char(36) COLLATE utf8_unicode_ci NOT NULL DEFAULT '0',
  PRIMARY KEY (`id`),
  UNIQUE KEY `craft_globalsets_name_unq_idx` (`name`),
  UNIQUE KEY `craft_globalsets_handle_unq_idx` (`handle`),
  KEY `craft_globalsets_fieldLayoutId_fk` (`fieldLayoutId`)
) ENGINE=InnoDB DEFAULT CHARSET=utf8 COLLATE=utf8_unicode_ci;

DROP TABLE IF EXISTS `craft_info`;


--
-- Schema for table `craft_info`
--
CREATE TABLE `craft_info` (
  `id` int(11) NOT NULL AUTO_INCREMENT,
  `version` varchar(50) COLLATE utf8_unicode_ci NOT NULL,
  `schemaVersion` varchar(15) COLLATE utf8_unicode_ci NOT NULL,
  `edition` tinyint(1) unsigned NOT NULL DEFAULT '0',
  `siteName` varchar(100) COLLATE utf8_unicode_ci NOT NULL,
  `siteUrl` varchar(255) COLLATE utf8_unicode_ci NOT NULL,
  `timezone` varchar(30) COLLATE utf8_unicode_ci DEFAULT NULL,
  `on` tinyint(1) unsigned NOT NULL DEFAULT '0',
  `maintenance` tinyint(1) unsigned NOT NULL DEFAULT '0',
  `dateCreated` datetime NOT NULL,
  `dateUpdated` datetime NOT NULL,
  `uid` char(36) COLLATE utf8_unicode_ci NOT NULL DEFAULT '0',
  PRIMARY KEY (`id`)
) ENGINE=InnoDB AUTO_INCREMENT=2 DEFAULT CHARSET=utf8 COLLATE=utf8_unicode_ci;

--
-- Data for table `craft_info`
--

INSERT INTO `craft_info` (`id`, `version`, `schemaVersion`, `edition`, `siteName`, `siteUrl`, `timezone`, `on`, `maintenance`, `dateCreated`, `dateUpdated`, `uid`) VALUES
 ('1', '2.6.2988', '2.6.10', '0', 'Born Brewers', 'http://localhost', 'UTC', '1', '0', '2017-07-14 08:34:33', '2017-07-31 07:00:39', 'dced9ecf-8455-4e95-9d96-09b2dc427ee1');



DROP TABLE IF EXISTS `craft_locales`;


--
-- Schema for table `craft_locales`
--
CREATE TABLE `craft_locales` (
  `locale` char(12) COLLATE utf8_unicode_ci NOT NULL,
  `sortOrder` smallint(6) unsigned DEFAULT NULL,
  `dateCreated` datetime NOT NULL,
  `dateUpdated` datetime NOT NULL,
  `uid` char(36) COLLATE utf8_unicode_ci NOT NULL DEFAULT '0',
  PRIMARY KEY (`locale`),
  KEY `craft_locales_sortOrder_idx` (`sortOrder`)
) ENGINE=InnoDB DEFAULT CHARSET=utf8 COLLATE=utf8_unicode_ci;

--
-- Data for table `craft_locales`
--

INSERT INTO `craft_locales` (`locale`, `sortOrder`, `dateCreated`, `dateUpdated`, `uid`) VALUES
 ('fi_fi', '1', '2017-07-14 08:34:34', '2017-07-14 08:34:34', '45f2ade9-650d-465e-97bc-b7a21e473a6e');



DROP TABLE IF EXISTS `craft_matrixblocks`;


--
-- Schema for table `craft_matrixblocks`
--
CREATE TABLE `craft_matrixblocks` (
  `id` int(11) NOT NULL,
  `ownerId` int(11) NOT NULL,
  `fieldId` int(11) NOT NULL,
  `typeId` int(11) DEFAULT NULL,
  `sortOrder` smallint(6) unsigned DEFAULT NULL,
  `ownerLocale` char(12) COLLATE utf8_unicode_ci DEFAULT NULL,
  `dateCreated` datetime NOT NULL,
  `dateUpdated` datetime NOT NULL,
  `uid` char(36) COLLATE utf8_unicode_ci NOT NULL DEFAULT '0',
  PRIMARY KEY (`id`),
  KEY `craft_matrixblocks_ownerId_idx` (`ownerId`),
  KEY `craft_matrixblocks_fieldId_idx` (`fieldId`),
  KEY `craft_matrixblocks_typeId_idx` (`typeId`),
  KEY `craft_matrixblocks_sortOrder_idx` (`sortOrder`),
  KEY `craft_matrixblocks_ownerLocale_fk` (`ownerLocale`)
) ENGINE=InnoDB DEFAULT CHARSET=utf8 COLLATE=utf8_unicode_ci;

--
-- Data for table `craft_matrixblocks`
--

INSERT INTO `craft_matrixblocks` (`id`, `ownerId`, `fieldId`, `typeId`, `sortOrder`, `ownerLocale`, `dateCreated`, `dateUpdated`, `uid`) VALUES
 ('24', '23', '3', '1', '1', NULL, '2017-07-25 14:24:19', '2017-07-26 06:15:39', 'ac82b2b1-7377-4427-832f-c5dca24f714f'),
 ('26', '25', '3', '1', '1', NULL, '2017-07-25 18:58:32', '2017-07-26 06:16:00', '64f51436-f8e3-4a72-b85c-e19d4f363bbf'),
 ('28', '27', '3', '1', '1', NULL, '2017-07-26 08:51:56', '2017-07-26 08:51:56', 'e0561f5e-3721-42d6-a3ba-202edbbc2478'),
 ('30', '29', '3', '1', '1', NULL, '2017-07-26 08:53:09', '2017-07-26 08:53:09', 'e3964c04-bf2a-4ea9-92e3-9a9a39d678c5');



DROP TABLE IF EXISTS `craft_matrixblocktypes`;


--
-- Schema for table `craft_matrixblocktypes`
--
CREATE TABLE `craft_matrixblocktypes` (
  `id` int(11) NOT NULL AUTO_INCREMENT,
  `fieldId` int(11) NOT NULL,
  `fieldLayoutId` int(11) DEFAULT NULL,
  `name` varchar(255) COLLATE utf8_unicode_ci NOT NULL,
  `handle` varchar(255) COLLATE utf8_unicode_ci NOT NULL,
  `sortOrder` smallint(6) unsigned DEFAULT NULL,
  `dateCreated` datetime NOT NULL,
  `dateUpdated` datetime NOT NULL,
  `uid` char(36) COLLATE utf8_unicode_ci NOT NULL DEFAULT '0',
  PRIMARY KEY (`id`),
  UNIQUE KEY `craft_matrixblocktypes_name_fieldId_unq_idx` (`name`,`fieldId`),
  UNIQUE KEY `craft_matrixblocktypes_handle_fieldId_unq_idx` (`handle`,`fieldId`),
  KEY `craft_matrixblocktypes_fieldId_fk` (`fieldId`),
  KEY `craft_matrixblocktypes_fieldLayoutId_fk` (`fieldLayoutId`)
) ENGINE=InnoDB AUTO_INCREMENT=2 DEFAULT CHARSET=utf8 COLLATE=utf8_unicode_ci;

--
-- Data for table `craft_matrixblocktypes`
--

INSERT INTO `craft_matrixblocktypes` (`id`, `fieldId`, `fieldLayoutId`, `name`, `handle`, `sortOrder`, `dateCreated`, `dateUpdated`, `uid`) VALUES
 ('1', '3', '19', 'Block1', 'block1', '1', '2017-07-14 13:30:29', '2017-07-26 06:22:07', '66bd2e2c-2dbd-430d-8073-2b76d9bf716d');



DROP TABLE IF EXISTS `craft_matrixcontent_campaignmatrix`;


--
-- Schema for table `craft_matrixcontent_campaignmatrix`
--
CREATE TABLE `craft_matrixcontent_campaignmatrix` (
  `id` int(11) NOT NULL AUTO_INCREMENT,
  `elementId` int(11) NOT NULL,
  `locale` char(12) COLLATE utf8_unicode_ci NOT NULL,
  `field_block1_campaignTitle` text COLLATE utf8_unicode_ci,
  `field_block1_campaignInfo` text COLLATE utf8_unicode_ci,
  `field_block1_style` text COLLATE utf8_unicode_ci,
  `field_block1_abv` text COLLATE utf8_unicode_ci,
  `dateCreated` datetime NOT NULL,
  `dateUpdated` datetime NOT NULL,
  `uid` char(36) COLLATE utf8_unicode_ci NOT NULL DEFAULT '0',
  PRIMARY KEY (`id`),
  UNIQUE KEY `craft_matrixcontent_campaignmatrix_elementId_locale_unq_idx` (`elementId`,`locale`),
  KEY `craft_matrixcontent_campaignmatrix_locale_fk` (`locale`)
) ENGINE=InnoDB AUTO_INCREMENT=5 DEFAULT CHARSET=utf8 COLLATE=utf8_unicode_ci;

--
-- Data for table `craft_matrixcontent_campaignmatrix`
--

INSERT INTO `craft_matrixcontent_campaignmatrix` (`id`, `elementId`, `locale`, `field_block1_campaignTitle`, `field_block1_campaignInfo`, `field_block1_style`, `field_block1_abv`, `dateCreated`, `dateUpdated`, `uid`) VALUES
 ('1', '24', 'fi_fi', 'Beer 1', '<p>Lorem ipsum dolor sit amet, consectetur adipiscing elit. Mauris porta est eget mauris vehicula, nec vulputate diam aliquet. Orci varius natoque penatibus et magnis dis parturient montes, nascetur ridiculus mus. Nunc interdum in ligula at hendrerit. Aliquam viverra, nisi in mollis consequat, orci magna pharetra elit, vel dapibus nunc neque placerat dui. Donec lacinia at sem id faucibus. Aenean ut scelerisque urna. Proin mollis tortor et ornare ultricies. Aenean sodales lorem libero, eu consequat nibh convallis quis. Etiam finibus mollis velit, ut porttitor diam faucibus ut. Sed turpis diam, convallis non lacus vel, blandit laoreet velit. Nunc tincidunt nunc dui. Praesent sed justo quis quam tincidunt mollis. Phasellus ultrices purus vitae consequat lacinia.</p>\r\n<p>Integer a maximus diam. Mauris ac commodo dolor. Proin elit lacus, pulvinar at orci quis, maximus placerat urna. Quisque faucibus quis ligula eu aliquet. Vestibulum sed tellus nisl. Duis feugiat tellus eu felis pulvinar, eget malesuada est semper. Nam viverra lobortis risus at varius. Phasellus eget ipsum fringilla, rutrum erat sed, efficitur mi. Morbi pellentesque gravida sagittis. Praesent tincidunt aliquet erat vitae commodo. Suspendisse potenti. Nunc egestas odio ut efficitur hendrerit. Etiam tincidunt interdum nulla at finibus. In nunc nisl, sagittis in eleifend quis, suscipit eu nisl. Aliquam erat volutpat. Morbi a aliquet dolor.</p>', 'Lager', '4,7 %', '2017-07-25 14:24:19', '2017-07-26 06:15:38', '5374da3d-ef24-4394-bc04-21f966a6b6f2'),
 ('2', '26', 'fi_fi', 'Beer 2', '<p>Lorem ipsum dolor sit amet, consectetur adipiscing elit. Mauris porta est eget mauris vehicula, nec vulputate diam aliquet. Orci varius natoque penatibus et magnis dis parturient montes, nascetur ridiculus mus. Nunc interdum in ligula at hendrerit. Aliquam viverra, nisi in mollis consequat, orci magna pharetra elit, vel dapibus nunc neque placerat dui. Donec lacinia at sem id faucibus. Aenean ut scelerisque urna. Proin mollis tortor et ornare ultricies. Aenean sodales lorem libero, eu consequat nibh convallis quis. Etiam finibus mollis velit, ut porttitor diam faucibus ut. Sed turpis diam, convallis non lacus vel, blandit laoreet velit. Nunc tincidunt nunc dui. Praesent sed justo quis quam tincidunt mollis. Phasellus ultrices purus vitae consequat lacinia.</p>\r\n<p>Integer a maximus diam. Mauris ac commodo dolor. Proin elit lacus, pulvinar at orci quis, maximus placerat urna. Quisque faucibus quis ligula eu aliquet. Vestibulum sed tellus nisl. Duis feugiat tellus eu felis pulvinar, eget malesuada est semper. Nam viverra lobortis risus at varius. Phasellus eget ipsum fringilla, rutrum erat sed, efficitur mi. Morbi pellentesque gravida sagittis. Praesent tincidunt aliquet erat vitae commodo. Suspendisse potenti. Nunc egestas odio ut efficitur hendrerit. Etiam tincidunt interdum nulla at finibus. In nunc nisl, sagittis in eleifend quis, suscipit eu nisl. Aliquam erat volutpat. Morbi a aliquet dolor.</p>', 'IPA', '7,2%', '2017-07-25 18:58:32', '2017-07-26 06:16:00', 'b26f32f6-35ba-46c1-83ac-f79f3edc92d6'),
 ('3', '28', 'fi_fi', 'Beer 1', '<p>Lorem ipsum dolor sit amet, consectetur adipiscing elit. Nam tristique faucibus sem, laoreet pretium arcu viverra quis. Nunc pharetra, massa non malesuada faucibus, sem neque imperdiet est, in mattis mauris massa vitae mauris. Donec consectetur ante nec lacus feugiat, ac euismod enim hendrerit. Aliquam risus turpis, hendrerit non facilisis vel, ultrices vitae nisl. Donec mattis, enim at vulputate vehicula, sapien diam commodo sapien, a cursus turpis odio ut tortor. Aliquam odio massa, dictum id blandit non, elementum vitae nisl. Sed quis auctor arcu. Donec varius tincidunt mattis. Sed sem libero, imperdiet vel ornare eu, malesuada at dolor. Ut accumsan eget lacus in sodales. Nulla sed lorem tristique, mattis neque sit amet, feugiat augue.</p>', 'Lager', '9,0%', '2017-07-26 08:51:56', '2017-07-26 08:51:56', 'efc03017-1a33-4291-8c50-3707ac7f0fa6'),
 ('4', '30', 'fi_fi', 'Beer 4', '<p>Lorem ipsum dolor sit amet, consectetur adipiscing elit. Donec mattis interdum purus sed semper. Sed eget lorem condimentum, viverra purus in, bibendum ante. Nulla at gravida ipsum. Proin suscipit eu lorem sed posuere. Cras posuere viverra nisl ut tempor. Ut efficitur rhoncus risus, a ultricies eros elementum sit amet. Pellentesque faucibus placerat dapibus. Nullam facilisis sed purus quis consequat. Pellentesque scelerisque euismod nibh, sit amet malesuada urna rhoncus vitae. Ut convallis nunc et tortor dictum gravida. Curabitur aliquam mollis ipsum nec consectetur. Cras at sem iaculis, luctus ante ac, iaculis orci. Ut et lacus interdum, sagittis sapien vitae, tempor risus.</p>\r\n<p>Integer eu diam eu nunc eleifend imperdiet. Aliquam placerat libero vitae pulvinar malesuada. Nam ultrices libero tortor, pulvinar malesuada mi interdum ut. Cras ultricies erat nisi, eget facilisis est vestibulum in. Morbi malesuada faucibus porttitor. Nulla imperdiet urna ultricies rutrum varius. Interdum et malesuada fames ac ante ipsum primis in faucibus. Phasellus quis nisl sollicitudin, placerat massa et, dapibus quam. Curabitur vel massa in erat interdum aliquam. In id dui sed velit condimentum faucibus eget vel ligula. Aliquam viverra dapibus magna, a euismod dolor cursus ut. Praesent et mi non magna porta accumsan non quis turpis. Mauris venenatis, est sed porttitor dapibus, nibh urna mollis lacus, vitae pretium felis erat sed leo.</p>\r\n<p>Duis pulvinar sem nulla, nec tempor ligula volutpat nec. Cras ornare euismod nibh, eu blandit erat dictum in. Nam ornare enim dolor, et hendrerit est ullamcorper ac. Aliquam ac justo id tellus tempus ullamcorper sit amet a nisl. Vestibulum aliquet, ante nec lobortis congue, risus risus luctus felis, id scelerisque leo purus id lectus. Nam non ultricies urna, vel varius nulla. Orci varius natoque penatibus et magnis dis parturient montes, nascetur ridiculus mus. Duis maximus ullamcorper arcu ac pharetra.</p>', 'Ale', '10,0 %', '2017-07-26 08:53:08', '2017-07-26 08:53:08', 'eac6b056-5864-47f7-9d7f-5b4762ea0e77');



DROP TABLE IF EXISTS `craft_migrations`;


--
-- Schema for table `craft_migrations`
--
CREATE TABLE `craft_migrations` (
  `id` int(11) NOT NULL AUTO_INCREMENT,
  `pluginId` int(11) DEFAULT NULL,
  `version` varchar(255) COLLATE utf8_unicode_ci NOT NULL,
  `applyTime` datetime NOT NULL,
  `dateCreated` datetime NOT NULL,
  `dateUpdated` datetime NOT NULL,
  `uid` char(36) COLLATE utf8_unicode_ci NOT NULL DEFAULT '0',
  PRIMARY KEY (`id`),
  UNIQUE KEY `craft_migrations_version_unq_idx` (`version`),
  KEY `craft_migrations_pluginId_fk` (`pluginId`)
) ENGINE=InnoDB AUTO_INCREMENT=40 DEFAULT CHARSET=utf8 COLLATE=utf8_unicode_ci;

--
-- Data for table `craft_migrations`
--

INSERT INTO `craft_migrations` (`id`, `pluginId`, `version`, `applyTime`, `dateCreated`, `dateUpdated`, `uid`) VALUES
 ('1', NULL, 'm000000_000000_base', '2017-07-14 08:34:33', '2017-07-14 08:34:34', '2017-07-14 08:34:34', 'fee1c6e6-cfcf-4c57-87a0-94de8a51ee30'),
 ('2', NULL, 'm140730_000001_add_filename_and_format_to_transformindex', '2017-07-14 08:34:33', '2017-07-14 08:34:34', '2017-07-14 08:34:34', '68227164-7a58-4511-b057-3a5787eebdfb'),
 ('3', NULL, 'm140815_000001_add_format_to_transforms', '2017-07-14 08:34:33', '2017-07-14 08:34:34', '2017-07-14 08:34:34', 'cb953e16-e907-483c-8104-90ca1bb439d9'),
 ('4', NULL, 'm140822_000001_allow_more_than_128_items_per_field', '2017-07-14 08:34:33', '2017-07-14 08:34:34', '2017-07-14 08:34:34', '49c05a89-f4ef-4c80-b6a4-89dab779fc44'),
 ('5', NULL, 'm140829_000001_single_title_formats', '2017-07-14 08:34:33', '2017-07-14 08:34:34', '2017-07-14 08:34:34', '9595873e-8ed6-4bd6-815c-4352e82ff16d'),
 ('6', NULL, 'm140831_000001_extended_cache_keys', '2017-07-14 08:34:33', '2017-07-14 08:34:34', '2017-07-14 08:34:34', '0ac3a9cd-21e2-4907-93a8-c37d4648ea57'),
 ('7', NULL, 'm140922_000001_delete_orphaned_matrix_blocks', '2017-07-14 08:34:33', '2017-07-14 08:34:34', '2017-07-14 08:34:34', 'f890ee60-9a2a-45b2-b675-147a0d38bb0c'),
 ('8', NULL, 'm141008_000001_elements_index_tune', '2017-07-14 08:34:33', '2017-07-14 08:34:34', '2017-07-14 08:34:34', '9784209c-b556-4fb3-b107-7e36c44e9767'),
 ('9', NULL, 'm141009_000001_assets_source_handle', '2017-07-14 08:34:33', '2017-07-14 08:34:34', '2017-07-14 08:34:34', '456fbe74-30be-4b73-890a-37c59ec7b3b5'),
 ('10', NULL, 'm141024_000001_field_layout_tabs', '2017-07-14 08:34:33', '2017-07-14 08:34:34', '2017-07-14 08:34:34', 'c406882c-19ba-4a07-b366-26e4c93eba57'),
 ('11', NULL, 'm141030_000000_plugin_schema_versions', '2017-07-14 08:34:33', '2017-07-14 08:34:34', '2017-07-14 08:34:34', '7cd569ce-ccde-420a-8a5a-de628c3fca2c'),
 ('12', NULL, 'm141030_000001_drop_structure_move_permission', '2017-07-14 08:34:33', '2017-07-14 08:34:34', '2017-07-14 08:34:34', '9d6d9fb5-b2f0-4e34-b350-8208714017cd'),
 ('13', NULL, 'm141103_000001_tag_titles', '2017-07-14 08:34:33', '2017-07-14 08:34:34', '2017-07-14 08:34:34', 'c380d305-0433-4d26-918f-ff2c9c927b81'),
 ('14', NULL, 'm141109_000001_user_status_shuffle', '2017-07-14 08:34:33', '2017-07-14 08:34:34', '2017-07-14 08:34:34', 'b8446a82-c873-4702-bfa8-9a9119b225b7'),
 ('15', NULL, 'm141126_000001_user_week_start_day', '2017-07-14 08:34:33', '2017-07-14 08:34:34', '2017-07-14 08:34:34', 'fd42bed9-8d43-4e27-b15c-fb8a07ce5e42'),
 ('16', NULL, 'm150210_000001_adjust_user_photo_size', '2017-07-14 08:34:33', '2017-07-14 08:34:34', '2017-07-14 08:34:34', '92624029-651d-42b5-8171-12cfdcf22b12'),
 ('17', NULL, 'm150724_000001_adjust_quality_settings', '2017-07-14 08:34:33', '2017-07-14 08:34:34', '2017-07-14 08:34:34', '0f2f517a-06a2-4be1-b083-c0f06363ed37'),
 ('18', NULL, 'm150827_000000_element_index_settings', '2017-07-14 08:34:33', '2017-07-14 08:34:34', '2017-07-14 08:34:34', '5682bf40-f801-43ef-a366-95c4b5dbb835'),
 ('19', NULL, 'm150918_000001_add_colspan_to_widgets', '2017-07-14 08:34:33', '2017-07-14 08:34:34', '2017-07-14 08:34:34', '760384bb-2dc3-4125-b88a-6180a6070a3f'),
 ('20', NULL, 'm151007_000000_clear_asset_caches', '2017-07-14 08:34:33', '2017-07-14 08:34:34', '2017-07-14 08:34:34', '2dbe09cd-dfb9-4a9a-ae81-edc1bb2908b6'),
 ('21', NULL, 'm151109_000000_text_url_formats', '2017-07-14 08:34:33', '2017-07-14 08:34:34', '2017-07-14 08:34:34', '337bc9ff-733d-48f8-b0a3-3c4d85703fc2'),
 ('22', NULL, 'm151110_000000_move_logo', '2017-07-14 08:34:33', '2017-07-14 08:34:34', '2017-07-14 08:34:34', 'bc52b8fc-df07-4f97-b472-ddff6360a638'),
 ('23', NULL, 'm151117_000000_adjust_image_widthheight', '2017-07-14 08:34:33', '2017-07-14 08:34:34', '2017-07-14 08:34:34', 'de1b32bf-9d47-4806-a51f-4bb1bb5e8087'),
 ('24', NULL, 'm151127_000000_clear_license_key_status', '2017-07-14 08:34:33', '2017-07-14 08:34:34', '2017-07-14 08:34:34', 'a476292d-d10a-45b7-89b7-2351eced76f1'),
 ('25', NULL, 'm151127_000000_plugin_license_keys', '2017-07-14 08:34:33', '2017-07-14 08:34:34', '2017-07-14 08:34:34', 'e9085306-bd89-4494-919e-d465c0511f80'),
 ('26', NULL, 'm151130_000000_update_pt_widget_feeds', '2017-07-14 08:34:33', '2017-07-14 08:34:34', '2017-07-14 08:34:34', 'ddb0f58d-5107-47a4-b363-7e6b4f000e37'),
 ('27', NULL, 'm160114_000000_asset_sources_public_url_default_true', '2017-07-14 08:34:33', '2017-07-14 08:34:34', '2017-07-14 08:34:34', 'd996e4e1-054f-4d8c-bd31-6b8ebb2f3841'),
 ('28', NULL, 'm160223_000000_sortorder_to_smallint', '2017-07-14 08:34:33', '2017-07-14 08:34:34', '2017-07-14 08:34:34', 'ef11505e-1891-4c52-8cb2-9ed36ab1e2df'),
 ('29', NULL, 'm160229_000000_set_default_entry_statuses', '2017-07-14 08:34:33', '2017-07-14 08:34:34', '2017-07-14 08:34:34', 'ad3c0165-56b3-4cd6-b7fc-c6252b567ac7'),
 ('30', NULL, 'm160304_000000_client_permissions', '2017-07-14 08:34:33', '2017-07-14 08:34:34', '2017-07-14 08:34:34', 'f6739ab6-150e-4b2c-a645-0c89ded718f2'),
 ('31', NULL, 'm160322_000000_asset_filesize', '2017-07-14 08:34:33', '2017-07-14 08:34:34', '2017-07-14 08:34:34', '094ee5e0-9fd9-4bd8-a5fc-5e84a53c8458'),
 ('32', NULL, 'm160503_000000_orphaned_fieldlayouts', '2017-07-14 08:34:33', '2017-07-14 08:34:34', '2017-07-14 08:34:34', '2ac87e58-00b9-4467-9c4c-114ac9f9a1d8'),
 ('33', NULL, 'm160510_000000_tasksettings', '2017-07-14 08:34:33', '2017-07-14 08:34:34', '2017-07-14 08:34:34', 'dd2cea9c-cdba-45b0-9d60-eb9e067b28de'),
 ('34', NULL, 'm160829_000000_pending_user_content_cleanup', '2017-07-14 08:34:33', '2017-07-14 08:34:34', '2017-07-14 08:34:34', '64ee8699-0470-4fda-98fe-b047eded289a'),
 ('35', NULL, 'm160830_000000_asset_index_uri_increase', '2017-07-14 08:34:33', '2017-07-14 08:34:34', '2017-07-14 08:34:34', '46a5be04-0070-4783-b650-5cde7032e2ad'),
 ('36', NULL, 'm160919_000000_usergroup_handle_title_unique', '2017-07-14 08:34:33', '2017-07-14 08:34:34', '2017-07-14 08:34:34', 'e23498b8-fdf7-4654-b195-18834e2dc2d0'),
 ('37', NULL, 'm161108_000000_new_version_format', '2017-07-14 08:34:33', '2017-07-14 08:34:34', '2017-07-14 08:34:34', '5942340b-f493-4d0a-8dfa-b654fb016229'),
 ('38', NULL, 'm161109_000000_index_shuffle', '2017-07-14 08:34:33', '2017-07-14 08:34:34', '2017-07-14 08:34:34', '3710fe9f-1ef7-417b-9a57-aa0f3253d2b0'),
 ('39', NULL, 'm170612_000000_route_index_shuffle', '2017-07-14 08:34:33', '2017-07-14 08:34:34', '2017-07-14 08:34:34', '90630a6d-d7f7-468b-a6d3-fa96dfd5c3a9');



DROP TABLE IF EXISTS `craft_plugins`;


--
-- Schema for table `craft_plugins`
--
CREATE TABLE `craft_plugins` (
  `id` int(11) NOT NULL AUTO_INCREMENT,
  `class` varchar(150) COLLATE utf8_unicode_ci NOT NULL,
  `version` varchar(15) COLLATE utf8_unicode_ci NOT NULL,
  `schemaVersion` varchar(15) COLLATE utf8_unicode_ci DEFAULT NULL,
  `licenseKey` char(24) COLLATE utf8_unicode_ci DEFAULT NULL,
  `licenseKeyStatus` enum('valid','invalid','mismatched','unknown') COLLATE utf8_unicode_ci NOT NULL DEFAULT 'unknown',
  `enabled` tinyint(1) unsigned NOT NULL DEFAULT '0',
  `settings` text COLLATE utf8_unicode_ci,
  `installDate` datetime NOT NULL,
  `dateCreated` datetime NOT NULL,
  `dateUpdated` datetime NOT NULL,
  `uid` char(36) COLLATE utf8_unicode_ci NOT NULL DEFAULT '0',
  PRIMARY KEY (`id`)
) ENGINE=InnoDB DEFAULT CHARSET=utf8 COLLATE=utf8_unicode_ci;

DROP TABLE IF EXISTS `craft_rackspaceaccess`;


--
-- Schema for table `craft_rackspaceaccess`
--
CREATE TABLE `craft_rackspaceaccess` (
  `id` int(11) NOT NULL AUTO_INCREMENT,
  `connectionKey` varchar(255) COLLATE utf8_unicode_ci NOT NULL,
  `token` varchar(255) COLLATE utf8_unicode_ci NOT NULL,
  `storageUrl` varchar(255) COLLATE utf8_unicode_ci NOT NULL,
  `cdnUrl` varchar(255) COLLATE utf8_unicode_ci NOT NULL,
  `dateCreated` datetime NOT NULL,
  `dateUpdated` datetime NOT NULL,
  `uid` char(36) COLLATE utf8_unicode_ci NOT NULL DEFAULT '0',
  PRIMARY KEY (`id`),
  UNIQUE KEY `craft_rackspaceaccess_connectionKey_unq_idx` (`connectionKey`)
) ENGINE=InnoDB DEFAULT CHARSET=utf8 COLLATE=utf8_unicode_ci;

DROP TABLE IF EXISTS `craft_relations`;


--
-- Schema for table `craft_relations`
--
CREATE TABLE `craft_relations` (
  `id` int(11) NOT NULL AUTO_INCREMENT,
  `fieldId` int(11) NOT NULL,
  `sourceId` int(11) NOT NULL,
  `sourceLocale` char(12) COLLATE utf8_unicode_ci DEFAULT NULL,
  `targetId` int(11) NOT NULL,
  `sortOrder` smallint(6) DEFAULT NULL,
  `dateCreated` datetime NOT NULL,
  `dateUpdated` datetime NOT NULL,
  `uid` char(36) COLLATE utf8_unicode_ci NOT NULL DEFAULT '0',
  PRIMARY KEY (`id`),
  UNIQUE KEY `craft_relations_fieldId_sourceId_sourceLocale_targetId_unq_idx` (`fieldId`,`sourceId`,`sourceLocale`,`targetId`),
  KEY `craft_relations_sourceId_fk` (`sourceId`),
  KEY `craft_relations_sourceLocale_fk` (`sourceLocale`),
  KEY `craft_relations_targetId_fk` (`targetId`)
) ENGINE=InnoDB AUTO_INCREMENT=32 DEFAULT CHARSET=utf8 COLLATE=utf8_unicode_ci;

--
-- Data for table `craft_relations`
--

INSERT INTO `craft_relations` (`id`, `fieldId`, `sourceId`, `sourceLocale`, `targetId`, `sortOrder`, `dateCreated`, `dateUpdated`, `uid`) VALUES
 ('13', '5', '4', NULL, '21', '1', '2017-07-25 08:36:55', '2017-07-25 08:36:55', '69a9c4b2-be59-4cc9-bd29-e41d41975b99'),
 ('14', '5', '3', NULL, '20', '1', '2017-07-25 08:37:04', '2017-07-25 08:37:04', 'eb0f2564-5213-4027-b351-81c4a73e8b38'),
 ('21', '8', '23', NULL, '19', '1', '2017-07-26 06:15:38', '2017-07-26 06:15:38', '899d11e9-a741-476c-96a5-06934d433b16'),
 ('22', '4', '24', NULL, '19', '1', '2017-07-26 06:15:38', '2017-07-26 06:15:38', '9a1d730f-3556-4689-bef4-13716f4ff102'),
 ('25', '8', '25', NULL, '21', '1', '2017-07-26 06:16:00', '2017-07-26 06:16:00', '53a13d1a-db31-4150-a780-a24b127b87b0'),
 ('26', '4', '26', NULL, '21', '1', '2017-07-26 06:16:00', '2017-07-26 06:16:00', 'fd4f8889-e54b-4704-bad3-711d1cd8db5b'),
 ('27', '8', '27', NULL, '19', '1', '2017-07-26 08:51:56', '2017-07-26 08:51:56', '4dae2829-857a-4bd8-bb22-ec9198cd14da'),
 ('28', '4', '28', NULL, '19', '1', '2017-07-26 08:51:56', '2017-07-26 08:51:56', '6fd2f597-b88c-4f93-b515-904ebfd86eb8'),
 ('29', '8', '29', NULL, '20', '1', '2017-07-26 08:53:08', '2017-07-26 08:53:08', 'cc62334c-695b-47b8-92f4-155f9b935687'),
 ('30', '4', '30', NULL, '20', '1', '2017-07-26 08:53:08', '2017-07-26 08:53:08', '35a7773a-1b16-49ec-95b8-53e6e88a4dc5'),
 ('31', '5', '14', NULL, '19', '1', '2017-07-31 08:14:41', '2017-07-31 08:14:41', '2eab374c-7b5a-4d60-b504-9a6370c4788b');



DROP TABLE IF EXISTS `craft_routes`;


--
-- Schema for table `craft_routes`
--
CREATE TABLE `craft_routes` (
  `id` int(11) NOT NULL AUTO_INCREMENT,
  `locale` char(12) COLLATE utf8_unicode_ci DEFAULT NULL,
  `urlParts` varchar(255) COLLATE utf8_unicode_ci NOT NULL,
  `urlPattern` varchar(255) COLLATE utf8_unicode_ci NOT NULL,
  `template` varchar(255) COLLATE utf8_unicode_ci NOT NULL,
  `sortOrder` smallint(6) unsigned DEFAULT NULL,
  `dateCreated` datetime NOT NULL,
  `dateUpdated` datetime NOT NULL,
  `uid` char(36) COLLATE utf8_unicode_ci NOT NULL DEFAULT '0',
  PRIMARY KEY (`id`),
  KEY `craft_routes_locale_idx` (`locale`),
  KEY `craft_routes_urlPattern_idx` (`urlPattern`)
) ENGINE=InnoDB DEFAULT CHARSET=utf8 COLLATE=utf8_unicode_ci;

DROP TABLE IF EXISTS `craft_searchindex`;


--
-- Schema for table `craft_searchindex`
--
CREATE TABLE `craft_searchindex` (
  `elementId` int(11) NOT NULL,
  `attribute` varchar(25) COLLATE utf8_unicode_ci NOT NULL,
  `fieldId` int(11) NOT NULL,
  `locale` char(12) COLLATE utf8_unicode_ci NOT NULL,
  `keywords` text COLLATE utf8_unicode_ci NOT NULL,
  PRIMARY KEY (`elementId`,`attribute`,`fieldId`,`locale`),
  FULLTEXT KEY `craft_searchindex_keywords_idx` (`keywords`)
) ENGINE=MyISAM DEFAULT CHARSET=utf8 COLLATE=utf8_unicode_ci;

--
-- Data for table `craft_searchindex`
--

INSERT INTO `craft_searchindex` (`elementId`, `attribute`, `fieldId`, `locale`, `keywords`) VALUES
 ('1', 'username', '0', 'fi_fi', ' t430 '),
 ('1', 'firstname', '0', 'fi_fi', ''),
 ('1', 'lastname', '0', 'fi_fi', ''),
 ('1', 'fullname', '0', 'fi_fi', ''),
 ('1', 'email', '0', 'fi_fi', ' nixu91 hotmail fi '),
 ('1', 'slug', '0', 'fi_fi', ''),
 ('2', 'slug', '0', 'fi_fi', ' homepage '),
 ('2', 'title', '0', 'fi_fi', ' welcome to localhost '),
 ('2', 'field', '1', 'fi_fi', ' it s true this site doesn t have a whole lot of content yet but don t worry our web developers have just installed the cms and they re setting things up for the content editors this very moment soon localhost will be an oasis of fresh perspectives sharp analyses and astute opinions that will keep you coming back again and again '),
 ('3', 'field', '1', 'fi_fi', ' lorem ipsum dolor sit amet consectetur adipiscing elit maecenas rutrum lorem eget congue semper praesent efficitur facilisis viverra aliquam et aliquet diam sed a fringilla orci sed eget dui libero suspendisse porttitor euismod dolor aliquam fringilla dolor turpis suspendisse potenti nulla a hendrerit sem vivamus non blandit dui nulla tincidunt rutrum sodales vestibulum feugiat vel neque sit amet feugiat '),
 ('3', 'field', '2', 'fi_fi', ''),
 ('3', 'slug', '0', 'fi_fi', ' hello finland craft '),
 ('3', 'title', '0', 'fi_fi', ' hello finland '),
 ('4', 'field', '1', 'fi_fi', ' this is just a test '),
 ('4', 'field', '2', 'fi_fi', ''),
 ('4', 'slug', '0', 'fi_fi', ' now testing '),
 ('4', 'title', '0', 'fi_fi', ' now testing '),
 ('5', 'slug', '0', 'fi_fi', ' campaign template '),
 ('5', 'title', '0', 'fi_fi', ' campaign template '),
 ('17', 'extension', '0', 'fi_fi', ' jpg '),
 ('17', 'filename', '0', 'fi_fi', ' beer_house_brewery_3 jpg '),
 ('16', 'title', '0', 'fi_fi', ' beer house brewery sm '),
 ('16', 'kind', '0', 'fi_fi', ' image '),
 ('16', 'slug', '0', 'fi_fi', ' beer house brewery sm '),
 ('16', 'extension', '0', 'fi_fi', ' jpg '),
 ('16', 'filename', '0', 'fi_fi', ' beer_house_brewery_sm jpg '),
 ('4', 'field', '5', 'fi_fi', ' sorachi '),
 ('3', 'field', '5', 'fi_fi', ' proud '),
 ('24', 'slug', '0', 'fi_fi', ''),
 ('24', 'field', '7', 'fi_fi', ' lorem ipsum dolor sit amet consectetur adipiscing elit mauris porta est eget mauris vehicula nec vulputate diam aliquet orci varius natoque penatibus et magnis dis parturient montes nascetur ridiculus mus nunc interdum in ligula at hendrerit aliquam viverra nisi in mollis consequat orci magna pharetra elit vel dapibus nunc neque placerat dui donec lacinia at sem id faucibus aenean ut scelerisque urna proin mollis tortor et ornare ultricies aenean sodales lorem libero eu consequat nibh convallis quis etiam finibus mollis velit ut porttitor diam faucibus ut sed turpis diam convallis non lacus vel blandit laoreet velit nunc tincidunt nunc dui praesent sed justo quis quam tincidunt mollis phasellus ultrices purus vitae consequat lacinia integer a maximus diam mauris ac commodo dolor proin elit lacus pulvinar at orci quis maximus placerat urna quisque faucibus quis ligula eu aliquet vestibulum sed tellus nisl duis feugiat tellus eu felis pulvinar eget malesuada est semper nam viverra lobortis risus at varius phasellus eget ipsum fringilla rutrum erat sed efficitur mi morbi pellentesque gravida sagittis praesent tincidunt aliquet erat vitae commodo suspendisse potenti nunc egestas odio ut efficitur hendrerit etiam tincidunt interdum nulla at finibus in nunc nisl sagittis in eleifend quis suscipit eu nisl aliquam erat volutpat morbi a aliquet dolor '),
 ('24', 'field', '6', 'fi_fi', ' beer 1 '),
 ('14', 'field', '5', 'fi_fi', ' brooklyn '),
 ('14', 'field', '1', 'fi_fi', ' testing testing '),
 ('14', 'field', '2', 'fi_fi', ''),
 ('14', 'slug', '0', 'fi_fi', ' third test '),
 ('14', 'title', '0', 'fi_fi', ' new beers available '),
 ('23', 'title', '0', 'fi_fi', ' beer 1 '),
 ('24', 'field', '4', 'fi_fi', ' brooklyn '),
 ('23', 'slug', '0', 'fi_fi', ' beer 1 '),
 ('23', 'field', '3', 'fi_fi', ' 4 7 % brooklyn lorem ipsum dolor sit amet consectetur adipiscing elit mauris porta est eget mauris vehicula nec vulputate diam aliquet orci varius natoque penatibus et magnis dis parturient montes nascetur ridiculus mus nunc interdum in ligula at hendrerit aliquam viverra nisi in mollis consequat orci magna pharetra elit vel dapibus nunc neque placerat dui donec lacinia at sem id faucibus aenean ut scelerisque urna proin mollis tortor et ornare ultricies aenean sodales lorem libero eu consequat nibh convallis quis etiam finibus mollis velit ut porttitor diam faucibus ut sed turpis diam convallis non lacus vel blandit laoreet velit nunc tincidunt nunc dui praesent sed justo quis quam tincidunt mollis phasellus ultrices purus vitae consequat lacinia integer a maximus diam mauris ac commodo dolor proin elit lacus pulvinar at orci quis maximus placerat urna quisque faucibus quis ligula eu aliquet vestibulum sed tellus nisl duis feugiat tellus eu felis pulvinar eget malesuada est semper nam viverra lobortis risus at varius phasellus eget ipsum fringilla rutrum erat sed efficitur mi morbi pellentesque gravida sagittis praesent tincidunt aliquet erat vitae commodo suspendisse potenti nunc egestas odio ut efficitur hendrerit etiam tincidunt interdum nulla at finibus in nunc nisl sagittis in eleifend quis suscipit eu nisl aliquam erat volutpat morbi a aliquet dolor lager beer 1 '),
 ('17', 'kind', '0', 'fi_fi', ' image '),
 ('17', 'slug', '0', 'fi_fi', ' beer house brewery 3 '),
 ('17', 'title', '0', 'fi_fi', ' beer house brewery 3 '),
 ('18', 'filename', '0', 'fi_fi', ' beer_house_brewery_new png '),
 ('18', 'extension', '0', 'fi_fi', ' png '),
 ('18', 'kind', '0', 'fi_fi', ' image '),
 ('18', 'slug', '0', 'fi_fi', ' beer house brewery new '),
 ('18', 'title', '0', 'fi_fi', ' beer house brewery new '),
 ('19', 'filename', '0', 'fi_fi', ' brooklyn png '),
 ('19', 'extension', '0', 'fi_fi', ' png '),
 ('19', 'kind', '0', 'fi_fi', ' image '),
 ('19', 'slug', '0', 'fi_fi', ' brooklyn '),
 ('19', 'title', '0', 'fi_fi', ' brooklyn '),
 ('20', 'filename', '0', 'fi_fi', ' proud jpg '),
 ('20', 'extension', '0', 'fi_fi', ' jpg '),
 ('20', 'kind', '0', 'fi_fi', ' image '),
 ('20', 'slug', '0', 'fi_fi', ' proud '),
 ('20', 'title', '0', 'fi_fi', ' proud '),
 ('21', 'filename', '0', 'fi_fi', ' sorachi png '),
 ('21', 'extension', '0', 'fi_fi', ' png '),
 ('21', 'kind', '0', 'fi_fi', ' image '),
 ('21', 'slug', '0', 'fi_fi', ' sorachi '),
 ('21', 'title', '0', 'fi_fi', ' sorachi '),
 ('23', 'field', '8', 'fi_fi', ' brooklyn '),
 ('25', 'field', '8', 'fi_fi', ' sorachi '),
 ('25', 'field', '3', 'fi_fi', ' 7 2% sorachi lorem ipsum dolor sit amet consectetur adipiscing elit mauris porta est eget mauris vehicula nec vulputate diam aliquet orci varius natoque penatibus et magnis dis parturient montes nascetur ridiculus mus nunc interdum in ligula at hendrerit aliquam viverra nisi in mollis consequat orci magna pharetra elit vel dapibus nunc neque placerat dui donec lacinia at sem id faucibus aenean ut scelerisque urna proin mollis tortor et ornare ultricies aenean sodales lorem libero eu consequat nibh convallis quis etiam finibus mollis velit ut porttitor diam faucibus ut sed turpis diam convallis non lacus vel blandit laoreet velit nunc tincidunt nunc dui praesent sed justo quis quam tincidunt mollis phasellus ultrices purus vitae consequat lacinia integer a maximus diam mauris ac commodo dolor proin elit lacus pulvinar at orci quis maximus placerat urna quisque faucibus quis ligula eu aliquet vestibulum sed tellus nisl duis feugiat tellus eu felis pulvinar eget malesuada est semper nam viverra lobortis risus at varius phasellus eget ipsum fringilla rutrum erat sed efficitur mi morbi pellentesque gravida sagittis praesent tincidunt aliquet erat vitae commodo suspendisse potenti nunc egestas odio ut efficitur hendrerit etiam tincidunt interdum nulla at finibus in nunc nisl sagittis in eleifend quis suscipit eu nisl aliquam erat volutpat morbi a aliquet dolor ipa beer 2 '),
 ('25', 'slug', '0', 'fi_fi', ' beer 2 '),
 ('25', 'title', '0', 'fi_fi', ' beer 2 '),
 ('26', 'field', '4', 'fi_fi', ' sorachi '),
 ('26', 'field', '6', 'fi_fi', ' beer 2 '),
 ('26', 'field', '7', 'fi_fi', ' lorem ipsum dolor sit amet consectetur adipiscing elit mauris porta est eget mauris vehicula nec vulputate diam aliquet orci varius natoque penatibus et magnis dis parturient montes nascetur ridiculus mus nunc interdum in ligula at hendrerit aliquam viverra nisi in mollis consequat orci magna pharetra elit vel dapibus nunc neque placerat dui donec lacinia at sem id faucibus aenean ut scelerisque urna proin mollis tortor et ornare ultricies aenean sodales lorem libero eu consequat nibh convallis quis etiam finibus mollis velit ut porttitor diam faucibus ut sed turpis diam convallis non lacus vel blandit laoreet velit nunc tincidunt nunc dui praesent sed justo quis quam tincidunt mollis phasellus ultrices purus vitae consequat lacinia integer a maximus diam mauris ac commodo dolor proin elit lacus pulvinar at orci quis maximus placerat urna quisque faucibus quis ligula eu aliquet vestibulum sed tellus nisl duis feugiat tellus eu felis pulvinar eget malesuada est semper nam viverra lobortis risus at varius phasellus eget ipsum fringilla rutrum erat sed efficitur mi morbi pellentesque gravida sagittis praesent tincidunt aliquet erat vitae commodo suspendisse potenti nunc egestas odio ut efficitur hendrerit etiam tincidunt interdum nulla at finibus in nunc nisl sagittis in eleifend quis suscipit eu nisl aliquam erat volutpat morbi a aliquet dolor '),
 ('26', 'slug', '0', 'fi_fi', ''),
 ('24', 'field', '9', 'fi_fi', ' lager '),
 ('24', 'field', '10', 'fi_fi', ' 4 7 % '),
 ('26', 'field', '9', 'fi_fi', ' ipa '),
 ('26', 'field', '10', 'fi_fi', ' 7 2% '),
 ('27', 'field', '8', 'fi_fi', ' brooklyn '),
 ('27', 'field', '3', 'fi_fi', ' 9 0% brooklyn lorem ipsum dolor sit amet consectetur adipiscing elit nam tristique faucibus sem laoreet pretium arcu viverra quis nunc pharetra massa non malesuada faucibus sem neque imperdiet est in mattis mauris massa vitae mauris donec consectetur ante nec lacus feugiat ac euismod enim hendrerit aliquam risus turpis hendrerit non facilisis vel ultrices vitae nisl donec mattis enim at vulputate vehicula sapien diam commodo sapien a cursus turpis odio ut tortor aliquam odio massa dictum id blandit non elementum vitae nisl sed quis auctor arcu donec varius tincidunt mattis sed sem libero imperdiet vel ornare eu malesuada at dolor ut accumsan eget lacus in sodales nulla sed lorem tristique mattis neque sit amet feugiat augue lager beer 1 '),
 ('27', 'slug', '0', 'fi_fi', ' beer 3 '),
 ('27', 'title', '0', 'fi_fi', ' beer 3 '),
 ('28', 'field', '4', 'fi_fi', ' brooklyn '),
 ('28', 'field', '6', 'fi_fi', ' beer 1 '),
 ('28', 'field', '9', 'fi_fi', ' lager '),
 ('28', 'field', '10', 'fi_fi', ' 9 0% '),
 ('28', 'field', '7', 'fi_fi', ' lorem ipsum dolor sit amet consectetur adipiscing elit nam tristique faucibus sem laoreet pretium arcu viverra quis nunc pharetra massa non malesuada faucibus sem neque imperdiet est in mattis mauris massa vitae mauris donec consectetur ante nec lacus feugiat ac euismod enim hendrerit aliquam risus turpis hendrerit non facilisis vel ultrices vitae nisl donec mattis enim at vulputate vehicula sapien diam commodo sapien a cursus turpis odio ut tortor aliquam odio massa dictum id blandit non elementum vitae nisl sed quis auctor arcu donec varius tincidunt mattis sed sem libero imperdiet vel ornare eu malesuada at dolor ut accumsan eget lacus in sodales nulla sed lorem tristique mattis neque sit amet feugiat augue '),
 ('28', 'slug', '0', 'fi_fi', ''),
 ('29', 'field', '8', 'fi_fi', ' proud '),
 ('29', 'field', '3', 'fi_fi', ' 10 0 % proud lorem ipsum dolor sit amet consectetur adipiscing elit donec mattis interdum purus sed semper sed eget lorem condimentum viverra purus in bibendum ante nulla at gravida ipsum proin suscipit eu lorem sed posuere cras posuere viverra nisl ut tempor ut efficitur rhoncus risus a ultricies eros elementum sit amet pellentesque faucibus placerat dapibus nullam facilisis sed purus quis consequat pellentesque scelerisque euismod nibh sit amet malesuada urna rhoncus vitae ut convallis nunc et tortor dictum gravida curabitur aliquam mollis ipsum nec consectetur cras at sem iaculis luctus ante ac iaculis orci ut et lacus interdum sagittis sapien vitae tempor risus integer eu diam eu nunc eleifend imperdiet aliquam placerat libero vitae pulvinar malesuada nam ultrices libero tortor pulvinar malesuada mi interdum ut cras ultricies erat nisi eget facilisis est vestibulum in morbi malesuada faucibus porttitor nulla imperdiet urna ultricies rutrum varius interdum et malesuada fames ac ante ipsum primis in faucibus phasellus quis nisl sollicitudin placerat massa et dapibus quam curabitur vel massa in erat interdum aliquam in id dui sed velit condimentum faucibus eget vel ligula aliquam viverra dapibus magna a euismod dolor cursus ut praesent et mi non magna porta accumsan non quis turpis mauris venenatis est sed porttitor dapibus nibh urna mollis lacus vitae pretium felis erat sed leo duis pulvinar sem nulla nec tempor ligula volutpat nec cras ornare euismod nibh eu blandit erat dictum in nam ornare enim dolor et hendrerit est ullamcorper ac aliquam ac justo id tellus tempus ullamcorper sit amet a nisl vestibulum aliquet ante nec lobortis congue risus risus luctus felis id scelerisque leo purus id lectus nam non ultricies urna vel varius nulla orci varius natoque penatibus et magnis dis parturient montes nascetur ridiculus mus duis maximus ullamcorper arcu ac pharetra ale beer 4 '),
 ('29', 'slug', '0', 'fi_fi', ' beer 4 '),
 ('29', 'title', '0', 'fi_fi', ' beer 4 '),
 ('30', 'field', '4', 'fi_fi', ' proud '),
 ('30', 'field', '6', 'fi_fi', ' beer 4 '),
 ('30', 'field', '9', 'fi_fi', ' ale '),
 ('30', 'field', '10', 'fi_fi', ' 10 0 % '),
 ('30', 'field', '7', 'fi_fi', ' lorem ipsum dolor sit amet consectetur adipiscing elit donec mattis interdum purus sed semper sed eget lorem condimentum viverra purus in bibendum ante nulla at gravida ipsum proin suscipit eu lorem sed posuere cras posuere viverra nisl ut tempor ut efficitur rhoncus risus a ultricies eros elementum sit amet pellentesque faucibus placerat dapibus nullam facilisis sed purus quis consequat pellentesque scelerisque euismod nibh sit amet malesuada urna rhoncus vitae ut convallis nunc et tortor dictum gravida curabitur aliquam mollis ipsum nec consectetur cras at sem iaculis luctus ante ac iaculis orci ut et lacus interdum sagittis sapien vitae tempor risus integer eu diam eu nunc eleifend imperdiet aliquam placerat libero vitae pulvinar malesuada nam ultrices libero tortor pulvinar malesuada mi interdum ut cras ultricies erat nisi eget facilisis est vestibulum in morbi malesuada faucibus porttitor nulla imperdiet urna ultricies rutrum varius interdum et malesuada fames ac ante ipsum primis in faucibus phasellus quis nisl sollicitudin placerat massa et dapibus quam curabitur vel massa in erat interdum aliquam in id dui sed velit condimentum faucibus eget vel ligula aliquam viverra dapibus magna a euismod dolor cursus ut praesent et mi non magna porta accumsan non quis turpis mauris venenatis est sed porttitor dapibus nibh urna mollis lacus vitae pretium felis erat sed leo duis pulvinar sem nulla nec tempor ligula volutpat nec cras ornare euismod nibh eu blandit erat dictum in nam ornare enim dolor et hendrerit est ullamcorper ac aliquam ac justo id tellus tempus ullamcorper sit amet a nisl vestibulum aliquet ante nec lobortis congue risus risus luctus felis id scelerisque leo purus id lectus nam non ultricies urna vel varius nulla orci varius natoque penatibus et magnis dis parturient montes nascetur ridiculus mus duis maximus ullamcorper arcu ac pharetra '),
 ('30', 'slug', '0', 'fi_fi', ''),
 ('31', 'filename', '0', 'fi_fi', ' beer_house_brewery_green png '),
 ('31', 'extension', '0', 'fi_fi', ' png '),
 ('31', 'kind', '0', 'fi_fi', ' image '),
 ('31', 'slug', '0', 'fi_fi', ' beer house brewery green ');
INSERT INTO `craft_searchindex` (`elementId`, `attribute`, `fieldId`, `locale`, `keywords`) VALUES
 ('31', 'title', '0', 'fi_fi', ' beer house brewery green ');



DROP TABLE IF EXISTS `craft_sections`;


--
-- Schema for table `craft_sections`
--
CREATE TABLE `craft_sections` (
  `id` int(11) NOT NULL AUTO_INCREMENT,
  `structureId` int(11) DEFAULT NULL,
  `name` varchar(255) COLLATE utf8_unicode_ci NOT NULL,
  `handle` varchar(255) COLLATE utf8_unicode_ci NOT NULL,
  `type` enum('single','channel','structure') COLLATE utf8_unicode_ci NOT NULL DEFAULT 'channel',
  `hasUrls` tinyint(1) unsigned NOT NULL DEFAULT '1',
  `template` varchar(500) COLLATE utf8_unicode_ci DEFAULT NULL,
  `enableVersioning` tinyint(1) unsigned NOT NULL DEFAULT '0',
  `dateCreated` datetime NOT NULL,
  `dateUpdated` datetime NOT NULL,
  `uid` char(36) COLLATE utf8_unicode_ci NOT NULL DEFAULT '0',
  PRIMARY KEY (`id`),
  UNIQUE KEY `craft_sections_name_unq_idx` (`name`),
  UNIQUE KEY `craft_sections_handle_unq_idx` (`handle`),
  KEY `craft_sections_structureId_fk` (`structureId`)
) ENGINE=InnoDB AUTO_INCREMENT=5 DEFAULT CHARSET=utf8 COLLATE=utf8_unicode_ci;

--
-- Data for table `craft_sections`
--

INSERT INTO `craft_sections` (`id`, `structureId`, `name`, `handle`, `type`, `hasUrls`, `template`, `enableVersioning`, `dateCreated`, `dateUpdated`, `uid`) VALUES
 ('1', NULL, 'Homepage', 'homepage', 'single', '1', 'index', '1', '2017-07-14 08:34:36', '2017-07-14 08:34:36', '1d431b0c-09ff-4732-a132-0d45a8f9a8c2'),
 ('2', NULL, 'News', 'news', 'channel', '1', 'news/_entry', '1', '2017-07-14 08:34:37', '2017-07-14 08:34:37', '926266c9-3943-4d8b-a9a5-1096b4ac7a1b'),
 ('3', NULL, 'Campaign template', 'campaignTemplate', 'single', '1', 'campaign-template', '1', '2017-07-14 13:25:16', '2017-07-14 13:25:16', 'e6b49ea1-5faf-4683-b5ed-ced3e29939b3'),
 ('4', NULL, 'Beers', 'beers', 'channel', '1', 'beers/_beer', '1', '2017-07-25 14:19:41', '2017-07-25 14:19:41', 'd69795d4-cffc-4db6-ae6e-9a7827b38c13');



DROP TABLE IF EXISTS `craft_sections_i18n`;


--
-- Schema for table `craft_sections_i18n`
--
CREATE TABLE `craft_sections_i18n` (
  `id` int(11) NOT NULL AUTO_INCREMENT,
  `sectionId` int(11) NOT NULL,
  `locale` char(12) COLLATE utf8_unicode_ci NOT NULL,
  `enabledByDefault` tinyint(1) unsigned NOT NULL DEFAULT '1',
  `urlFormat` text COLLATE utf8_unicode_ci,
  `nestedUrlFormat` text COLLATE utf8_unicode_ci,
  `dateCreated` datetime NOT NULL,
  `dateUpdated` datetime NOT NULL,
  `uid` char(36) COLLATE utf8_unicode_ci NOT NULL DEFAULT '0',
  PRIMARY KEY (`id`),
  UNIQUE KEY `craft_sections_i18n_sectionId_locale_unq_idx` (`sectionId`,`locale`),
  KEY `craft_sections_i18n_locale_fk` (`locale`)
) ENGINE=InnoDB AUTO_INCREMENT=5 DEFAULT CHARSET=utf8 COLLATE=utf8_unicode_ci;

--
-- Data for table `craft_sections_i18n`
--

INSERT INTO `craft_sections_i18n` (`id`, `sectionId`, `locale`, `enabledByDefault`, `urlFormat`, `nestedUrlFormat`, `dateCreated`, `dateUpdated`, `uid`) VALUES
 ('1', '1', 'fi_fi', '1', '__home__', NULL, '2017-07-14 08:34:36', '2017-07-14 08:34:36', '7ff60fe7-ffb6-48d4-990f-1f3ccd0f04fa'),
 ('2', '2', 'fi_fi', '1', 'news/{postDate.year}/{slug}', NULL, '2017-07-14 08:34:37', '2017-07-14 08:34:37', '0a16d487-8236-4a7b-9499-9f20976ec436'),
 ('3', '3', 'fi_fi', '1', 'campaign-template', NULL, '2017-07-14 13:25:16', '2017-07-14 13:25:16', 'e2e5dd99-220e-4ea7-9a3e-8cf026592003'),
 ('4', '4', 'fi_fi', '1', 'beers/{slug}', NULL, '2017-07-25 14:19:41', '2017-07-25 14:19:41', 'ad632d5e-978b-49f1-ab98-4c293c20d436');



DROP TABLE IF EXISTS `craft_sessions`;


--
-- Schema for table `craft_sessions`
--
CREATE TABLE `craft_sessions` (
  `id` int(11) NOT NULL AUTO_INCREMENT,
  `userId` int(11) NOT NULL,
  `token` char(100) COLLATE utf8_unicode_ci NOT NULL,
  `dateCreated` datetime NOT NULL,
  `dateUpdated` datetime NOT NULL,
  `uid` char(36) COLLATE utf8_unicode_ci NOT NULL DEFAULT '0',
  PRIMARY KEY (`id`),
  KEY `craft_sessions_uid_idx` (`uid`),
  KEY `craft_sessions_token_idx` (`token`),
  KEY `craft_sessions_dateUpdated_idx` (`dateUpdated`),
  KEY `craft_sessions_userId_fk` (`userId`)
) ENGINE=InnoDB AUTO_INCREMENT=44 DEFAULT CHARSET=utf8 COLLATE=utf8_unicode_ci;

DROP TABLE IF EXISTS `craft_shunnedmessages`;


--
-- Schema for table `craft_shunnedmessages`
--
CREATE TABLE `craft_shunnedmessages` (
  `id` int(11) NOT NULL AUTO_INCREMENT,
  `userId` int(11) NOT NULL,
  `message` varchar(255) COLLATE utf8_unicode_ci NOT NULL,
  `expiryDate` datetime DEFAULT NULL,
  `dateCreated` datetime NOT NULL,
  `dateUpdated` datetime NOT NULL,
  `uid` char(36) COLLATE utf8_unicode_ci NOT NULL DEFAULT '0',
  PRIMARY KEY (`id`),
  UNIQUE KEY `craft_shunnedmessages_userId_message_unq_idx` (`userId`,`message`)
) ENGINE=InnoDB DEFAULT CHARSET=utf8 COLLATE=utf8_unicode_ci;

DROP TABLE IF EXISTS `craft_structureelements`;


--
-- Schema for table `craft_structureelements`
--
CREATE TABLE `craft_structureelements` (
  `id` int(11) NOT NULL AUTO_INCREMENT,
  `structureId` int(11) NOT NULL,
  `elementId` int(11) DEFAULT NULL,
  `root` int(11) unsigned DEFAULT NULL,
  `lft` int(11) unsigned NOT NULL,
  `rgt` int(11) unsigned NOT NULL,
  `level` smallint(6) unsigned NOT NULL,
  `dateCreated` datetime NOT NULL,
  `dateUpdated` datetime NOT NULL,
  `uid` char(36) COLLATE utf8_unicode_ci NOT NULL DEFAULT '0',
  PRIMARY KEY (`id`),
  UNIQUE KEY `craft_structureelements_structureId_elementId_unq_idx` (`structureId`,`elementId`),
  KEY `craft_structureelements_root_idx` (`root`),
  KEY `craft_structureelements_lft_idx` (`lft`),
  KEY `craft_structureelements_rgt_idx` (`rgt`),
  KEY `craft_structureelements_level_idx` (`level`),
  KEY `craft_structureelements_elementId_fk` (`elementId`)
) ENGINE=InnoDB AUTO_INCREMENT=2 DEFAULT CHARSET=utf8 COLLATE=utf8_unicode_ci;

--
-- Data for table `craft_structureelements`
--

INSERT INTO `craft_structureelements` (`id`, `structureId`, `elementId`, `root`, `lft`, `rgt`, `level`, `dateCreated`, `dateUpdated`, `uid`) VALUES
 ('1', '1', NULL, '1', '1', '2', '0', '2017-07-25 14:12:29', '2017-07-25 14:12:29', '8c60902b-ea32-4daf-ad11-41249450130b');



DROP TABLE IF EXISTS `craft_structures`;


--
-- Schema for table `craft_structures`
--
CREATE TABLE `craft_structures` (
  `id` int(11) NOT NULL AUTO_INCREMENT,
  `maxLevels` smallint(6) unsigned DEFAULT NULL,
  `dateCreated` datetime NOT NULL,
  `dateUpdated` datetime NOT NULL,
  `uid` char(36) COLLATE utf8_unicode_ci NOT NULL DEFAULT '0',
  PRIMARY KEY (`id`)
) ENGINE=InnoDB AUTO_INCREMENT=2 DEFAULT CHARSET=utf8 COLLATE=utf8_unicode_ci;

--
-- Data for table `craft_structures`
--

INSERT INTO `craft_structures` (`id`, `maxLevels`, `dateCreated`, `dateUpdated`, `uid`) VALUES
 ('1', NULL, '2017-07-25 14:11:45', '2017-07-25 14:11:45', '21e91278-9fab-4bbc-bb2a-00769bfe5f33');



DROP TABLE IF EXISTS `craft_systemsettings`;


--
-- Schema for table `craft_systemsettings`
--
CREATE TABLE `craft_systemsettings` (
  `id` int(11) NOT NULL AUTO_INCREMENT,
  `category` varchar(15) COLLATE utf8_unicode_ci NOT NULL,
  `settings` text COLLATE utf8_unicode_ci,
  `dateCreated` datetime NOT NULL,
  `dateUpdated` datetime NOT NULL,
  `uid` char(36) COLLATE utf8_unicode_ci NOT NULL DEFAULT '0',
  PRIMARY KEY (`id`),
  UNIQUE KEY `craft_systemsettings_category_unq_idx` (`category`)
) ENGINE=InnoDB AUTO_INCREMENT=2 DEFAULT CHARSET=utf8 COLLATE=utf8_unicode_ci;

--
-- Data for table `craft_systemsettings`
--

INSERT INTO `craft_systemsettings` (`id`, `category`, `settings`, `dateCreated`, `dateUpdated`, `uid`) VALUES
 ('1', 'email', '{\"protocol\":\"php\",\"emailAddress\":\"nixu91@hotmail.fi\",\"senderName\":\"Born Brewers\"}', '2017-07-14 08:34:36', '2017-07-14 08:34:36', '68e9e00e-28f4-4fca-8427-ff4b2d00ae09');



DROP TABLE IF EXISTS `craft_taggroups`;


--
-- Schema for table `craft_taggroups`
--
CREATE TABLE `craft_taggroups` (
  `id` int(11) NOT NULL AUTO_INCREMENT,
  `name` varchar(255) COLLATE utf8_unicode_ci NOT NULL,
  `handle` varchar(255) COLLATE utf8_unicode_ci NOT NULL,
  `fieldLayoutId` int(11) DEFAULT NULL,
  `dateCreated` datetime NOT NULL,
  `dateUpdated` datetime NOT NULL,
  `uid` char(36) COLLATE utf8_unicode_ci NOT NULL DEFAULT '0',
  PRIMARY KEY (`id`),
  UNIQUE KEY `craft_taggroups_name_unq_idx` (`name`),
  UNIQUE KEY `craft_taggroups_handle_unq_idx` (`handle`),
  KEY `craft_taggroups_fieldLayoutId_fk` (`fieldLayoutId`)
) ENGINE=InnoDB AUTO_INCREMENT=2 DEFAULT CHARSET=utf8 COLLATE=utf8_unicode_ci;

--
-- Data for table `craft_taggroups`
--

INSERT INTO `craft_taggroups` (`id`, `name`, `handle`, `fieldLayoutId`, `dateCreated`, `dateUpdated`, `uid`) VALUES
 ('1', 'Default', 'default', '1', '2017-07-14 08:34:36', '2017-07-14 08:34:36', 'ed268983-52fe-4ffc-9952-fd1b90366214');



DROP TABLE IF EXISTS `craft_tags`;


--
-- Schema for table `craft_tags`
--
CREATE TABLE `craft_tags` (
  `id` int(11) NOT NULL,
  `groupId` int(11) NOT NULL,
  `dateCreated` datetime NOT NULL,
  `dateUpdated` datetime NOT NULL,
  `uid` char(36) COLLATE utf8_unicode_ci NOT NULL DEFAULT '0',
  PRIMARY KEY (`id`),
  KEY `craft_tags_groupId_fk` (`groupId`)
) ENGINE=InnoDB DEFAULT CHARSET=utf8 COLLATE=utf8_unicode_ci;

DROP TABLE IF EXISTS `craft_tasks`;


--
-- Schema for table `craft_tasks`
--
CREATE TABLE `craft_tasks` (
  `id` int(11) NOT NULL AUTO_INCREMENT,
  `root` int(11) unsigned DEFAULT NULL,
  `lft` int(11) unsigned NOT NULL,
  `rgt` int(11) unsigned NOT NULL,
  `level` smallint(6) unsigned NOT NULL,
  `currentStep` int(11) unsigned DEFAULT NULL,
  `totalSteps` int(11) unsigned DEFAULT NULL,
  `status` enum('pending','error','running') COLLATE utf8_unicode_ci DEFAULT NULL,
  `type` varchar(150) COLLATE utf8_unicode_ci NOT NULL,
  `description` varchar(255) COLLATE utf8_unicode_ci DEFAULT NULL,
  `settings` mediumtext COLLATE utf8_unicode_ci,
  `dateCreated` datetime NOT NULL,
  `dateUpdated` datetime NOT NULL,
  `uid` char(36) COLLATE utf8_unicode_ci NOT NULL DEFAULT '0',
  PRIMARY KEY (`id`),
  KEY `craft_tasks_root_idx` (`root`),
  KEY `craft_tasks_lft_idx` (`lft`),
  KEY `craft_tasks_rgt_idx` (`rgt`),
  KEY `craft_tasks_level_idx` (`level`)
) ENGINE=InnoDB DEFAULT CHARSET=utf8 COLLATE=utf8_unicode_ci;

DROP TABLE IF EXISTS `craft_templatecachecriteria`;


--
-- Schema for table `craft_templatecachecriteria`
--
CREATE TABLE `craft_templatecachecriteria` (
  `id` int(11) NOT NULL AUTO_INCREMENT,
  `cacheId` int(11) NOT NULL,
  `type` varchar(150) COLLATE utf8_unicode_ci NOT NULL,
  `criteria` text COLLATE utf8_unicode_ci NOT NULL,
  PRIMARY KEY (`id`),
  KEY `craft_templatecachecriteria_cacheId_fk` (`cacheId`),
  KEY `craft_templatecachecriteria_type_idx` (`type`)
) ENGINE=InnoDB DEFAULT CHARSET=utf8 COLLATE=utf8_unicode_ci;

DROP TABLE IF EXISTS `craft_templatecacheelements`;


--
-- Schema for table `craft_templatecacheelements`
--
CREATE TABLE `craft_templatecacheelements` (
  `cacheId` int(11) NOT NULL,
  `elementId` int(11) NOT NULL,
  KEY `craft_templatecacheelements_cacheId_fk` (`cacheId`),
  KEY `craft_templatecacheelements_elementId_fk` (`elementId`)
) ENGINE=InnoDB DEFAULT CHARSET=utf8 COLLATE=utf8_unicode_ci;

DROP TABLE IF EXISTS `craft_templatecaches`;


--
-- Schema for table `craft_templatecaches`
--
CREATE TABLE `craft_templatecaches` (
  `id` int(11) NOT NULL AUTO_INCREMENT,
  `cacheKey` varchar(255) COLLATE utf8_unicode_ci NOT NULL,
  `locale` char(12) COLLATE utf8_unicode_ci NOT NULL,
  `path` varchar(255) COLLATE utf8_unicode_ci DEFAULT NULL,
  `expiryDate` datetime NOT NULL,
  `body` mediumtext COLLATE utf8_unicode_ci NOT NULL,
  PRIMARY KEY (`id`),
  KEY `craft_templatecaches_expiryDate_cacheKey_locale_path_idx` (`expiryDate`,`cacheKey`,`locale`,`path`),
  KEY `craft_templatecaches_locale_fk` (`locale`)
) ENGINE=InnoDB DEFAULT CHARSET=utf8 COLLATE=utf8_unicode_ci;

DROP TABLE IF EXISTS `craft_tokens`;


--
-- Schema for table `craft_tokens`
--
CREATE TABLE `craft_tokens` (
  `id` int(11) NOT NULL AUTO_INCREMENT,
  `token` char(32) COLLATE utf8_unicode_ci NOT NULL,
  `route` text COLLATE utf8_unicode_ci,
  `usageLimit` tinyint(3) unsigned DEFAULT NULL,
  `usageCount` tinyint(3) unsigned DEFAULT NULL,
  `expiryDate` datetime NOT NULL,
  `dateCreated` datetime NOT NULL,
  `dateUpdated` datetime NOT NULL,
  `uid` char(36) COLLATE utf8_unicode_ci NOT NULL DEFAULT '0',
  PRIMARY KEY (`id`),
  UNIQUE KEY `craft_tokens_token_unq_idx` (`token`),
  KEY `craft_tokens_expiryDate_idx` (`expiryDate`)
) ENGINE=InnoDB DEFAULT CHARSET=utf8 COLLATE=utf8_unicode_ci;

DROP TABLE IF EXISTS `craft_usergroups`;


--
-- Schema for table `craft_usergroups`
--
CREATE TABLE `craft_usergroups` (
  `id` int(11) NOT NULL AUTO_INCREMENT,
  `name` varchar(255) COLLATE utf8_unicode_ci NOT NULL,
  `handle` varchar(255) COLLATE utf8_unicode_ci NOT NULL,
  `dateCreated` datetime NOT NULL,
  `dateUpdated` datetime NOT NULL,
  `uid` char(36) COLLATE utf8_unicode_ci NOT NULL DEFAULT '0',
  PRIMARY KEY (`id`),
  UNIQUE KEY `craft_usergroups_name_unq_idx` (`name`),
  UNIQUE KEY `craft_usergroups_handle_unq_idx` (`handle`)
) ENGINE=InnoDB DEFAULT CHARSET=utf8 COLLATE=utf8_unicode_ci;

DROP TABLE IF EXISTS `craft_usergroups_users`;


--
-- Schema for table `craft_usergroups_users`
--
CREATE TABLE `craft_usergroups_users` (
  `id` int(11) NOT NULL AUTO_INCREMENT,
  `groupId` int(11) NOT NULL,
  `userId` int(11) NOT NULL,
  `dateCreated` datetime NOT NULL,
  `dateUpdated` datetime NOT NULL,
  `uid` char(36) COLLATE utf8_unicode_ci NOT NULL DEFAULT '0',
  PRIMARY KEY (`id`),
  UNIQUE KEY `craft_usergroups_users_groupId_userId_unq_idx` (`groupId`,`userId`),
  KEY `craft_usergroups_users_userId_fk` (`userId`)
) ENGINE=InnoDB DEFAULT CHARSET=utf8 COLLATE=utf8_unicode_ci;

DROP TABLE IF EXISTS `craft_userpermissions`;


--
-- Schema for table `craft_userpermissions`
--
CREATE TABLE `craft_userpermissions` (
  `id` int(11) NOT NULL AUTO_INCREMENT,
  `name` varchar(255) COLLATE utf8_unicode_ci NOT NULL,
  `dateCreated` datetime NOT NULL,
  `dateUpdated` datetime NOT NULL,
  `uid` char(36) COLLATE utf8_unicode_ci NOT NULL DEFAULT '0',
  PRIMARY KEY (`id`),
  UNIQUE KEY `craft_userpermissions_name_unq_idx` (`name`)
) ENGINE=InnoDB DEFAULT CHARSET=utf8 COLLATE=utf8_unicode_ci;

DROP TABLE IF EXISTS `craft_userpermissions_usergroups`;


--
-- Schema for table `craft_userpermissions_usergroups`
--
CREATE TABLE `craft_userpermissions_usergroups` (
  `id` int(11) NOT NULL AUTO_INCREMENT,
  `permissionId` int(11) NOT NULL,
  `groupId` int(11) NOT NULL,
  `dateCreated` datetime NOT NULL,
  `dateUpdated` datetime NOT NULL,
  `uid` char(36) COLLATE utf8_unicode_ci NOT NULL DEFAULT '0',
  PRIMARY KEY (`id`),
  UNIQUE KEY `craft_userpermissions_usergroups_permissionId_groupId_unq_idx` (`permissionId`,`groupId`),
  KEY `craft_userpermissions_usergroups_groupId_fk` (`groupId`)
) ENGINE=InnoDB DEFAULT CHARSET=utf8 COLLATE=utf8_unicode_ci;

DROP TABLE IF EXISTS `craft_userpermissions_users`;


--
-- Schema for table `craft_userpermissions_users`
--
CREATE TABLE `craft_userpermissions_users` (
  `id` int(11) NOT NULL AUTO_INCREMENT,
  `permissionId` int(11) NOT NULL,
  `userId` int(11) NOT NULL,
  `dateCreated` datetime NOT NULL,
  `dateUpdated` datetime NOT NULL,
  `uid` char(36) COLLATE utf8_unicode_ci NOT NULL DEFAULT '0',
  PRIMARY KEY (`id`),
  UNIQUE KEY `craft_userpermissions_users_permissionId_userId_unq_idx` (`permissionId`,`userId`),
  KEY `craft_userpermissions_users_userId_fk` (`userId`)
) ENGINE=InnoDB DEFAULT CHARSET=utf8 COLLATE=utf8_unicode_ci;

DROP TABLE IF EXISTS `craft_users`;


--
-- Schema for table `craft_users`
--
CREATE TABLE `craft_users` (
  `id` int(11) NOT NULL,
  `username` varchar(100) COLLATE utf8_unicode_ci NOT NULL,
  `photo` varchar(100) COLLATE utf8_unicode_ci DEFAULT NULL,
  `firstName` varchar(100) COLLATE utf8_unicode_ci DEFAULT NULL,
  `lastName` varchar(100) COLLATE utf8_unicode_ci DEFAULT NULL,
  `email` varchar(255) COLLATE utf8_unicode_ci NOT NULL,
  `password` char(255) COLLATE utf8_unicode_ci DEFAULT NULL,
  `preferredLocale` char(12) COLLATE utf8_unicode_ci DEFAULT NULL,
  `weekStartDay` tinyint(1) unsigned NOT NULL DEFAULT '0',
  `admin` tinyint(1) unsigned NOT NULL DEFAULT '0',
  `client` tinyint(1) unsigned NOT NULL DEFAULT '0',
  `locked` tinyint(1) unsigned NOT NULL DEFAULT '0',
  `suspended` tinyint(1) unsigned NOT NULL DEFAULT '0',
  `pending` tinyint(1) unsigned NOT NULL DEFAULT '0',
  `archived` tinyint(1) unsigned NOT NULL DEFAULT '0',
  `lastLoginDate` datetime DEFAULT NULL,
  `lastLoginAttemptIPAddress` varchar(45) COLLATE utf8_unicode_ci DEFAULT NULL,
  `invalidLoginWindowStart` datetime DEFAULT NULL,
  `invalidLoginCount` tinyint(4) unsigned DEFAULT NULL,
  `lastInvalidLoginDate` datetime DEFAULT NULL,
  `lockoutDate` datetime DEFAULT NULL,
  `verificationCode` char(100) COLLATE utf8_unicode_ci DEFAULT NULL,
  `verificationCodeIssuedDate` datetime DEFAULT NULL,
  `unverifiedEmail` varchar(255) COLLATE utf8_unicode_ci DEFAULT NULL,
  `passwordResetRequired` tinyint(1) unsigned NOT NULL DEFAULT '0',
  `lastPasswordChangeDate` datetime DEFAULT NULL,
  `dateCreated` datetime NOT NULL,
  `dateUpdated` datetime NOT NULL,
  `uid` char(36) COLLATE utf8_unicode_ci NOT NULL DEFAULT '0',
  PRIMARY KEY (`id`),
  UNIQUE KEY `craft_users_username_unq_idx` (`username`),
  UNIQUE KEY `craft_users_email_unq_idx` (`email`),
  KEY `craft_users_verificationCode_idx` (`verificationCode`),
  KEY `craft_users_uid_idx` (`uid`),
  KEY `craft_users_preferredLocale_fk` (`preferredLocale`)
) ENGINE=InnoDB DEFAULT CHARSET=utf8 COLLATE=utf8_unicode_ci;

--
-- Data for table `craft_users`
--

INSERT INTO `craft_users` (`id`, `username`, `photo`, `firstName`, `lastName`, `email`, `password`, `preferredLocale`, `weekStartDay`, `admin`, `client`, `locked`, `suspended`, `pending`, `archived`, `lastLoginDate`, `lastLoginAttemptIPAddress`, `invalidLoginWindowStart`, `invalidLoginCount`, `lastInvalidLoginDate`, `lockoutDate`, `verificationCode`, `verificationCodeIssuedDate`, `unverifiedEmail`, `passwordResetRequired`, `lastPasswordChangeDate`, `dateCreated`, `dateUpdated`, `uid`) VALUES
 ('1', 'T430', NULL, NULL, NULL, 'nixu91@hotmail.fi', '$2y$13$jh3C3zYLoxRQmkRFhNnLiOtrCMu8SL6MvOv8ylvAyJ741fUZWI6Nm', NULL, '0', '1', '0', '0', '0', '0', '0', '2017-08-05 08:49:17', '127.0.0.1', NULL, NULL, '2017-07-18 09:38:32', NULL, NULL, NULL, NULL, '0', '2017-07-14 08:34:34', '2017-07-14 08:34:35', '2017-08-05 08:49:17', 'b88fcbe6-0d96-4b28-bc35-68daaf9085b4');



DROP TABLE IF EXISTS `craft_widgets`;


--
-- Schema for table `craft_widgets`
--
CREATE TABLE `craft_widgets` (
  `id` int(11) NOT NULL AUTO_INCREMENT,
  `userId` int(11) NOT NULL,
  `type` varchar(150) COLLATE utf8_unicode_ci NOT NULL,
  `sortOrder` smallint(6) unsigned DEFAULT NULL,
  `colspan` tinyint(4) unsigned DEFAULT NULL,
  `settings` text COLLATE utf8_unicode_ci,
  `enabled` tinyint(1) unsigned NOT NULL DEFAULT '1',
  `dateCreated` datetime NOT NULL,
  `dateUpdated` datetime NOT NULL,
  `uid` char(36) COLLATE utf8_unicode_ci NOT NULL DEFAULT '0',
  PRIMARY KEY (`id`),
  KEY `craft_widgets_userId_fk` (`userId`)
) ENGINE=InnoDB AUTO_INCREMENT=5 DEFAULT CHARSET=utf8 COLLATE=utf8_unicode_ci;

--
-- Data for table `craft_widgets`
--

INSERT INTO `craft_widgets` (`id`, `userId`, `type`, `sortOrder`, `colspan`, `settings`, `enabled`, `dateCreated`, `dateUpdated`, `uid`) VALUES
 ('1', '1', 'RecentEntries', '1', NULL, NULL, '1', '2017-07-14 08:34:59', '2017-07-14 08:34:59', 'ba60493d-485d-4c2b-8392-3ad8faa20833'),
 ('2', '1', 'GetHelp', '2', NULL, NULL, '1', '2017-07-14 08:34:59', '2017-07-14 08:34:59', 'afd9e387-0f48-4039-8dcd-4d2c20dec4b8'),
 ('3', '1', 'Updates', '3', NULL, NULL, '1', '2017-07-14 08:34:59', '2017-07-14 08:34:59', 'd20835c3-7c39-4631-87de-42e39bf52889'),
 ('4', '1', 'Feed', '4', NULL, '{\"url\":\"https:\\/\\/craftcms.com\\/news.rss\",\"title\":\"Craft News\"}', '1', '2017-07-14 08:34:59', '2017-07-14 08:34:59', 'ff302d50-e0e4-4692-8ba4-cd90e6808273');


--
-- Constraints for tables
--


--
-- Constraints for table `craft_assetfiles`
--
ALTER TABLE `craft_assetfiles`
	ADD CONSTRAINT `craft_assetfiles_folderId_fk` FOREIGN KEY (`folderId`) REFERENCES `craft_assetfolders` (`id`) ON DELETE CASCADE,
	ADD CONSTRAINT `craft_assetfiles_id_fk` FOREIGN KEY (`id`) REFERENCES `craft_elements` (`id`) ON DELETE CASCADE,
	ADD CONSTRAINT `craft_assetfiles_sourceId_fk` FOREIGN KEY (`sourceId`) REFERENCES `craft_assetsources` (`id`) ON DELETE CASCADE;

--
-- Constraints for table `craft_assetfolders`
--
ALTER TABLE `craft_assetfolders`
	ADD CONSTRAINT `craft_assetfolders_parentId_fk` FOREIGN KEY (`parentId`) REFERENCES `craft_assetfolders` (`id`) ON DELETE CASCADE,
	ADD CONSTRAINT `craft_assetfolders_sourceId_fk` FOREIGN KEY (`sourceId`) REFERENCES `craft_assetsources` (`id`) ON DELETE CASCADE;

--
-- Constraints for table `craft_assetindexdata`
--
ALTER TABLE `craft_assetindexdata`
	ADD CONSTRAINT `craft_assetindexdata_sourceId_fk` FOREIGN KEY (`sourceId`) REFERENCES `craft_assetsources` (`id`) ON DELETE CASCADE;

--
-- Constraints for table `craft_assetsources`
--
ALTER TABLE `craft_assetsources`
	ADD CONSTRAINT `craft_assetsources_fieldLayoutId_fk` FOREIGN KEY (`fieldLayoutId`) REFERENCES `craft_fieldlayouts` (`id`) ON DELETE SET NULL;

--
-- Constraints for table `craft_categories`
--
ALTER TABLE `craft_categories`
	ADD CONSTRAINT `craft_categories_groupId_fk` FOREIGN KEY (`groupId`) REFERENCES `craft_categorygroups` (`id`) ON DELETE CASCADE,
	ADD CONSTRAINT `craft_categories_id_fk` FOREIGN KEY (`id`) REFERENCES `craft_elements` (`id`) ON DELETE CASCADE;

--
-- Constraints for table `craft_categorygroups`
--
ALTER TABLE `craft_categorygroups`
	ADD CONSTRAINT `craft_categorygroups_fieldLayoutId_fk` FOREIGN KEY (`fieldLayoutId`) REFERENCES `craft_fieldlayouts` (`id`) ON DELETE SET NULL,
	ADD CONSTRAINT `craft_categorygroups_structureId_fk` FOREIGN KEY (`structureId`) REFERENCES `craft_structures` (`id`) ON DELETE CASCADE;

--
-- Constraints for table `craft_categorygroups_i18n`
--
ALTER TABLE `craft_categorygroups_i18n`
	ADD CONSTRAINT `craft_categorygroups_i18n_groupId_fk` FOREIGN KEY (`groupId`) REFERENCES `craft_categorygroups` (`id`) ON DELETE CASCADE,
	ADD CONSTRAINT `craft_categorygroups_i18n_locale_fk` FOREIGN KEY (`locale`) REFERENCES `craft_locales` (`locale`) ON DELETE CASCADE ON UPDATE CASCADE;

--
-- Constraints for table `craft_content`
--
ALTER TABLE `craft_content`
	ADD CONSTRAINT `craft_content_elementId_fk` FOREIGN KEY (`elementId`) REFERENCES `craft_elements` (`id`) ON DELETE CASCADE,
	ADD CONSTRAINT `craft_content_locale_fk` FOREIGN KEY (`locale`) REFERENCES `craft_locales` (`locale`) ON DELETE CASCADE ON UPDATE CASCADE;

--
-- Constraints for table `craft_elements_i18n`
--
ALTER TABLE `craft_elements_i18n`
	ADD CONSTRAINT `craft_elements_i18n_elementId_fk` FOREIGN KEY (`elementId`) REFERENCES `craft_elements` (`id`) ON DELETE CASCADE,
	ADD CONSTRAINT `craft_elements_i18n_locale_fk` FOREIGN KEY (`locale`) REFERENCES `craft_locales` (`locale`) ON DELETE CASCADE ON UPDATE CASCADE;

--
-- Constraints for table `craft_emailmessages`
--
ALTER TABLE `craft_emailmessages`
	ADD CONSTRAINT `craft_emailmessages_locale_fk` FOREIGN KEY (`locale`) REFERENCES `craft_locales` (`locale`) ON DELETE CASCADE ON UPDATE CASCADE;

--
-- Constraints for table `craft_entries`
--
ALTER TABLE `craft_entries`
	ADD CONSTRAINT `craft_entries_authorId_fk` FOREIGN KEY (`authorId`) REFERENCES `craft_users` (`id`) ON DELETE CASCADE,
	ADD CONSTRAINT `craft_entries_id_fk` FOREIGN KEY (`id`) REFERENCES `craft_elements` (`id`) ON DELETE CASCADE,
	ADD CONSTRAINT `craft_entries_sectionId_fk` FOREIGN KEY (`sectionId`) REFERENCES `craft_sections` (`id`) ON DELETE CASCADE,
	ADD CONSTRAINT `craft_entries_typeId_fk` FOREIGN KEY (`typeId`) REFERENCES `craft_entrytypes` (`id`) ON DELETE CASCADE;

--
-- Constraints for table `craft_entrydrafts`
--
ALTER TABLE `craft_entrydrafts`
	ADD CONSTRAINT `craft_entrydrafts_creatorId_fk` FOREIGN KEY (`creatorId`) REFERENCES `craft_users` (`id`) ON DELETE CASCADE,
	ADD CONSTRAINT `craft_entrydrafts_entryId_fk` FOREIGN KEY (`entryId`) REFERENCES `craft_entries` (`id`) ON DELETE CASCADE,
	ADD CONSTRAINT `craft_entrydrafts_locale_fk` FOREIGN KEY (`locale`) REFERENCES `craft_locales` (`locale`) ON DELETE CASCADE ON UPDATE CASCADE,
	ADD CONSTRAINT `craft_entrydrafts_sectionId_fk` FOREIGN KEY (`sectionId`) REFERENCES `craft_sections` (`id`) ON DELETE CASCADE;

--
-- Constraints for table `craft_entrytypes`
--
ALTER TABLE `craft_entrytypes`
	ADD CONSTRAINT `craft_entrytypes_fieldLayoutId_fk` FOREIGN KEY (`fieldLayoutId`) REFERENCES `craft_fieldlayouts` (`id`) ON DELETE SET NULL,
	ADD CONSTRAINT `craft_entrytypes_sectionId_fk` FOREIGN KEY (`sectionId`) REFERENCES `craft_sections` (`id`) ON DELETE CASCADE;

--
-- Constraints for table `craft_entryversions`
--
ALTER TABLE `craft_entryversions`
	ADD CONSTRAINT `craft_entryversions_creatorId_fk` FOREIGN KEY (`creatorId`) REFERENCES `craft_users` (`id`) ON DELETE SET NULL,
	ADD CONSTRAINT `craft_entryversions_entryId_fk` FOREIGN KEY (`entryId`) REFERENCES `craft_entries` (`id`) ON DELETE CASCADE,
	ADD CONSTRAINT `craft_entryversions_locale_fk` FOREIGN KEY (`locale`) REFERENCES `craft_locales` (`locale`) ON DELETE CASCADE ON UPDATE CASCADE,
	ADD CONSTRAINT `craft_entryversions_sectionId_fk` FOREIGN KEY (`sectionId`) REFERENCES `craft_sections` (`id`) ON DELETE CASCADE;

--
-- Constraints for table `craft_fieldlayoutfields`
--
ALTER TABLE `craft_fieldlayoutfields`
	ADD CONSTRAINT `craft_fieldlayoutfields_fieldId_fk` FOREIGN KEY (`fieldId`) REFERENCES `craft_fields` (`id`) ON DELETE CASCADE,
	ADD CONSTRAINT `craft_fieldlayoutfields_layoutId_fk` FOREIGN KEY (`layoutId`) REFERENCES `craft_fieldlayouts` (`id`) ON DELETE CASCADE,
	ADD CONSTRAINT `craft_fieldlayoutfields_tabId_fk` FOREIGN KEY (`tabId`) REFERENCES `craft_fieldlayouttabs` (`id`) ON DELETE CASCADE;

--
-- Constraints for table `craft_fieldlayouttabs`
--
ALTER TABLE `craft_fieldlayouttabs`
	ADD CONSTRAINT `craft_fieldlayouttabs_layoutId_fk` FOREIGN KEY (`layoutId`) REFERENCES `craft_fieldlayouts` (`id`) ON DELETE CASCADE;

--
-- Constraints for table `craft_fields`
--
ALTER TABLE `craft_fields`
	ADD CONSTRAINT `craft_fields_groupId_fk` FOREIGN KEY (`groupId`) REFERENCES `craft_fieldgroups` (`id`) ON DELETE CASCADE;

--
-- Constraints for table `craft_globalsets`
--
ALTER TABLE `craft_globalsets`
	ADD CONSTRAINT `craft_globalsets_fieldLayoutId_fk` FOREIGN KEY (`fieldLayoutId`) REFERENCES `craft_fieldlayouts` (`id`) ON DELETE SET NULL,
	ADD CONSTRAINT `craft_globalsets_id_fk` FOREIGN KEY (`id`) REFERENCES `craft_elements` (`id`) ON DELETE CASCADE;

--
-- Constraints for table `craft_matrixblocks`
--
ALTER TABLE `craft_matrixblocks`
	ADD CONSTRAINT `craft_matrixblocks_fieldId_fk` FOREIGN KEY (`fieldId`) REFERENCES `craft_fields` (`id`) ON DELETE CASCADE,
	ADD CONSTRAINT `craft_matrixblocks_id_fk` FOREIGN KEY (`id`) REFERENCES `craft_elements` (`id`) ON DELETE CASCADE,
	ADD CONSTRAINT `craft_matrixblocks_ownerId_fk` FOREIGN KEY (`ownerId`) REFERENCES `craft_elements` (`id`) ON DELETE CASCADE,
	ADD CONSTRAINT `craft_matrixblocks_ownerLocale_fk` FOREIGN KEY (`ownerLocale`) REFERENCES `craft_locales` (`locale`) ON DELETE CASCADE ON UPDATE CASCADE,
	ADD CONSTRAINT `craft_matrixblocks_typeId_fk` FOREIGN KEY (`typeId`) REFERENCES `craft_matrixblocktypes` (`id`) ON DELETE CASCADE;

--
-- Constraints for table `craft_matrixblocktypes`
--
ALTER TABLE `craft_matrixblocktypes`
	ADD CONSTRAINT `craft_matrixblocktypes_fieldId_fk` FOREIGN KEY (`fieldId`) REFERENCES `craft_fields` (`id`) ON DELETE CASCADE,
	ADD CONSTRAINT `craft_matrixblocktypes_fieldLayoutId_fk` FOREIGN KEY (`fieldLayoutId`) REFERENCES `craft_fieldlayouts` (`id`) ON DELETE SET NULL;

--
-- Constraints for table `craft_matrixcontent_campaignmatrix`
--
ALTER TABLE `craft_matrixcontent_campaignmatrix`
	ADD CONSTRAINT `craft_matrixcontent_campaignmatrix_elementId_fk` FOREIGN KEY (`elementId`) REFERENCES `craft_elements` (`id`) ON DELETE CASCADE,
	ADD CONSTRAINT `craft_matrixcontent_campaignmatrix_locale_fk` FOREIGN KEY (`locale`) REFERENCES `craft_locales` (`locale`) ON DELETE CASCADE ON UPDATE CASCADE;

--
-- Constraints for table `craft_migrations`
--
ALTER TABLE `craft_migrations`
	ADD CONSTRAINT `craft_migrations_pluginId_fk` FOREIGN KEY (`pluginId`) REFERENCES `craft_plugins` (`id`) ON DELETE CASCADE;

--
-- Constraints for table `craft_relations`
--
ALTER TABLE `craft_relations`
	ADD CONSTRAINT `craft_relations_fieldId_fk` FOREIGN KEY (`fieldId`) REFERENCES `craft_fields` (`id`) ON DELETE CASCADE,
	ADD CONSTRAINT `craft_relations_sourceId_fk` FOREIGN KEY (`sourceId`) REFERENCES `craft_elements` (`id`) ON DELETE CASCADE,
	ADD CONSTRAINT `craft_relations_sourceLocale_fk` FOREIGN KEY (`sourceLocale`) REFERENCES `craft_locales` (`locale`) ON DELETE CASCADE ON UPDATE CASCADE,
	ADD CONSTRAINT `craft_relations_targetId_fk` FOREIGN KEY (`targetId`) REFERENCES `craft_elements` (`id`) ON DELETE CASCADE;

--
-- Constraints for table `craft_routes`
--
ALTER TABLE `craft_routes`
	ADD CONSTRAINT `craft_routes_locale_fk` FOREIGN KEY (`locale`) REFERENCES `craft_locales` (`locale`) ON DELETE CASCADE ON UPDATE CASCADE;

--
-- Constraints for table `craft_sections`
--
ALTER TABLE `craft_sections`
	ADD CONSTRAINT `craft_sections_structureId_fk` FOREIGN KEY (`structureId`) REFERENCES `craft_structures` (`id`) ON DELETE SET NULL;

--
-- Constraints for table `craft_sections_i18n`
--
ALTER TABLE `craft_sections_i18n`
	ADD CONSTRAINT `craft_sections_i18n_locale_fk` FOREIGN KEY (`locale`) REFERENCES `craft_locales` (`locale`) ON DELETE CASCADE ON UPDATE CASCADE,
	ADD CONSTRAINT `craft_sections_i18n_sectionId_fk` FOREIGN KEY (`sectionId`) REFERENCES `craft_sections` (`id`) ON DELETE CASCADE;

--
-- Constraints for table `craft_sessions`
--
ALTER TABLE `craft_sessions`
	ADD CONSTRAINT `craft_sessions_userId_fk` FOREIGN KEY (`userId`) REFERENCES `craft_users` (`id`) ON DELETE CASCADE;

--
-- Constraints for table `craft_shunnedmessages`
--
ALTER TABLE `craft_shunnedmessages`
	ADD CONSTRAINT `craft_shunnedmessages_userId_fk` FOREIGN KEY (`userId`) REFERENCES `craft_users` (`id`) ON DELETE CASCADE;

--
-- Constraints for table `craft_structureelements`
--
ALTER TABLE `craft_structureelements`
	ADD CONSTRAINT `craft_structureelements_elementId_fk` FOREIGN KEY (`elementId`) REFERENCES `craft_elements` (`id`) ON DELETE CASCADE,
	ADD CONSTRAINT `craft_structureelements_structureId_fk` FOREIGN KEY (`structureId`) REFERENCES `craft_structures` (`id`) ON DELETE CASCADE;

--
-- Constraints for table `craft_taggroups`
--
ALTER TABLE `craft_taggroups`
	ADD CONSTRAINT `craft_taggroups_fieldLayoutId_fk` FOREIGN KEY (`fieldLayoutId`) REFERENCES `craft_fieldlayouts` (`id`) ON DELETE SET NULL;

--
-- Constraints for table `craft_tags`
--
ALTER TABLE `craft_tags`
	ADD CONSTRAINT `craft_tags_groupId_fk` FOREIGN KEY (`groupId`) REFERENCES `craft_taggroups` (`id`) ON DELETE CASCADE,
	ADD CONSTRAINT `craft_tags_id_fk` FOREIGN KEY (`id`) REFERENCES `craft_elements` (`id`) ON DELETE CASCADE;

--
-- Constraints for table `craft_templatecachecriteria`
--
ALTER TABLE `craft_templatecachecriteria`
	ADD CONSTRAINT `craft_templatecachecriteria_cacheId_fk` FOREIGN KEY (`cacheId`) REFERENCES `craft_templatecaches` (`id`) ON DELETE CASCADE;

--
-- Constraints for table `craft_templatecacheelements`
--
ALTER TABLE `craft_templatecacheelements`
	ADD CONSTRAINT `craft_templatecacheelements_cacheId_fk` FOREIGN KEY (`cacheId`) REFERENCES `craft_templatecaches` (`id`) ON DELETE CASCADE,
	ADD CONSTRAINT `craft_templatecacheelements_elementId_fk` FOREIGN KEY (`elementId`) REFERENCES `craft_elements` (`id`) ON DELETE CASCADE;

--
-- Constraints for table `craft_templatecaches`
--
ALTER TABLE `craft_templatecaches`
	ADD CONSTRAINT `craft_templatecaches_locale_fk` FOREIGN KEY (`locale`) REFERENCES `craft_locales` (`locale`) ON DELETE CASCADE ON UPDATE CASCADE;

--
-- Constraints for table `craft_usergroups_users`
--
ALTER TABLE `craft_usergroups_users`
	ADD CONSTRAINT `craft_usergroups_users_groupId_fk` FOREIGN KEY (`groupId`) REFERENCES `craft_usergroups` (`id`) ON DELETE CASCADE,
	ADD CONSTRAINT `craft_usergroups_users_userId_fk` FOREIGN KEY (`userId`) REFERENCES `craft_users` (`id`) ON DELETE CASCADE;

--
-- Constraints for table `craft_userpermissions_usergroups`
--
ALTER TABLE `craft_userpermissions_usergroups`
	ADD CONSTRAINT `craft_userpermissions_usergroups_groupId_fk` FOREIGN KEY (`groupId`) REFERENCES `craft_usergroups` (`id`) ON DELETE CASCADE,
	ADD CONSTRAINT `craft_userpermissions_usergroups_permissionId_fk` FOREIGN KEY (`permissionId`) REFERENCES `craft_userpermissions` (`id`) ON DELETE CASCADE;

--
-- Constraints for table `craft_userpermissions_users`
--
ALTER TABLE `craft_userpermissions_users`
	ADD CONSTRAINT `craft_userpermissions_users_permissionId_fk` FOREIGN KEY (`permissionId`) REFERENCES `craft_userpermissions` (`id`) ON DELETE CASCADE,
	ADD CONSTRAINT `craft_userpermissions_users_userId_fk` FOREIGN KEY (`userId`) REFERENCES `craft_users` (`id`) ON DELETE CASCADE;

--
-- Constraints for table `craft_users`
--
ALTER TABLE `craft_users`
	ADD CONSTRAINT `craft_users_id_fk` FOREIGN KEY (`id`) REFERENCES `craft_elements` (`id`) ON DELETE CASCADE,
	ADD CONSTRAINT `craft_users_preferredLocale_fk` FOREIGN KEY (`preferredLocale`) REFERENCES `craft_locales` (`locale`) ON DELETE SET NULL ON UPDATE CASCADE;

--
-- Constraints for table `craft_widgets`
--
ALTER TABLE `craft_widgets`
	ADD CONSTRAINT `craft_widgets_userId_fk` FOREIGN KEY (`userId`) REFERENCES `craft_users` (`id`) ON DELETE CASCADE;

SET FOREIGN_KEY_CHECKS = 1;
